song_id,song_title,song_length_seconds,genre,language
SONG000,R9211U645VDB828,244,Pop,German
SONG001,192V4DUSGEHN0Z1,162,Classical,German
SONG002,R5FN3EH81A4RKGJ,243,Pop,German
SONG003,ZOWI1T2EP768SY7,229,Jazz,Italian
SONG004,P1ZSCMO1POB7FU9,193,Jazz,Italian
SONG005,9259P5Z5ZLM36VF,297,Jazz,Italian
SONG006,OX5WWPM3X15DTOZ,246,Pop,Spanish
SONG007,5STHSLMWA6TJ3KP,160,Rock,Spanish
SONG008,S04JSE17QUAMI0U,291,Classical,Italian
SONG009,Z7X4IKY3UFN0DSG,160,Classical,Italian
SONG010,2QFPODPEHCYOU25,270,Pop,Portuguese
SONG011,VW9Y80PFSRQ8STZ,163,Folk,Spanish
SONG012,QBFU7E4DNKSEKNK,254,Pop,French
SONG013,BF2P7KKG0ATCBRL,203,Jazz,Spanish
SONG014,QMN44EEW1YF0DWW,211,Classical,Portuguese
SONG015,N6MBYPJDFAW1LXX,255,Classical,French
SONG016,D8T18S1SAXT8JH3,292,Folk,Spanish
SONG017,4UDTLVR7MGATND9,267,Pop,Spanish
SONG018,TKG1F8YC8GZKDF6,240,Rock,Portuguese
SONG019,J76BIVISS8JLTCB,154,Rock,Spanish
SONG020,W6ATVD1XEUQ4S2F,284,Rock,Portuguese
SONG021,TGI88TB38WXGC7J,197,Jazz,German
SONG022,JY94H4KFTCDZ309,182,Rock,Portuguese
SONG023,5HS258W9ZJXLH8L,166,Pop,Spanish
SONG024,6E7VAAGUZROC5XT,165,Rock,French
SONG025,63QE8NVN439ENGA,218,Folk,Portuguese
SONG026,01YZG3W3H98BRZV,162,Folk,English
SONG027,A9WDJSGG0YVGV0E,181,Rock,French
SONG028,7450J4A8YWY5APY,250,Rock,German
SONG029,X4L4OESRSBZB7TL,214,Folk,Italian
SONG030,OM539IY87HLCWBP,285,Jazz,Portuguese
SONG031,A274IR833SICVPD,181,Pop,Portuguese
SONG032,QE97N6Y2C2BVPDC,292,Jazz,French
SONG033,B4OWO52WQQPWDXY,285,Classical,German
SONG034,ASVDAZV46ESMRWG,151,Pop,German
SONG035,EBEVSXMVTFQVK8S,216,Jazz,French
SONG036,XFI3UBM9XHCGRYQ,216,Pop,English
SONG037,Y4UMKLD56R7WYQH,195,Rock,Italian
SONG038,R133NO3AAMTFPW6,290,Rock,French
SONG039,M9HKHJG4IHGJD3E,271,Pop,French
SONG040,X5MHQNNGS2WPZE5,277,Pop,Portuguese
SONG041,EGTYLPW71V4KFIW,213,Classical,Italian
SONG042,KESVR022WGN51NS,282,Rock,English
SONG043,GZSR8RUW2XH6QIH,199,Pop,Portuguese
SONG044,PNF4JD1KSIBSMQP,246,Jazz,French
SONG045,NRJAPJC6KSTCJIE,198,Pop,French
SONG046,MTMYJ014GVE4ZTJ,285,Rock,English
SONG047,1KM9831AX985I0H,166,Jazz,French
SONG048,IVTQ3MD4P7PP4BF,252,Rock,French
SONG049,5L0RXMIP11YKVUB,218,Classical,Italian
SONG050,F99U26UON8CNRL8,212,Folk,French
SONG051,XKGYG3VAH6NHKSQ,189,Rock,Portuguese
SONG052,NAL6O9EP0O6H5L3,166,Jazz,English
SONG053,XFULHZQH9Q3VILU,186,Jazz,Portuguese
SONG054,RQBDX7M42O34OGW,252,Classical,German
SONG055,PNXZDZB5F5TXC06,225,Classical,Italian
SONG056,6O1EN1S2OFHBAWY,193,Folk,English
SONG057,QMOGBJZEYQQCXZP,283,Jazz,English
SONG058,QKF4VGE0GYAJPGZ,296,Pop,Spanish
SONG059,6TPBWSXXDYPVBNH,228,Rock,Portuguese
SONG060,I6HABA3YC8D4X0B,254,Rock,English
SONG061,S3LWW7OPIDLAXAH,226,Jazz,English
SONG062,HXKWB5O1R9Z27UJ,190,Pop,Italian
SONG063,DLWN71EG1Y9XCA6,155,Classical,French
SONG064,QS0SZAA1EIPICER,212,Folk,Spanish
SONG065,HNXI09P5EL2B2O3,257,Folk,German
SONG066,1I0MHB792ZI5SGW,183,Folk,Spanish
SONG067,CR8B97EGT2HSPQF,244,Classical,French
SONG068,HPVKU8H5R8MNQPV,285,Pop,French
SONG069,PF8R1PC6KTTGNLK,260,Rock,Portuguese
SONG070,URLZH6A50NOOO0N,204,Classical,Italian
SONG071,L9C59E7F1811MZW,176,Folk,Spanish
SONG072,NCNPIR7NZBXFV7F,229,Pop,German
SONG073,IUXFEDZNZ9C65FP,214,Rock,English
SONG074,YST5V0175DU23JH,171,Jazz,Italian
SONG075,0ZAGRD1PPKPGGER,268,Folk,French
SONG076,SDUHH03G95P6DWC,160,Classical,Spanish
SONG077,DECBIR1AJ8X2BH2,249,Pop,Spanish
SONG078,NS8JR1VMYMLINOV,224,Pop,Italian
SONG079,953A5O47AET81IQ,249,Jazz,Portuguese
SONG080,Y5SXAW7LW580YIR,190,Folk,English
SONG081,02M77RXZDNVZ552,240,Folk,Portuguese
SONG082,ZBRD399Q68RTIG7,245,Pop,Spanish
SONG083,ZD9B7LNKZX8YX7W,224,Rock,French
SONG084,R2LIU7CM600X28P,160,Jazz,French
SONG085,IJKEMVG7UELN0LV,197,Rock,German
SONG086,GNP127EXVDA4L3K,253,Folk,Spanish
SONG087,HYFK043BLSYJ4UW,208,Pop,Spanish
SONG088,HK8C3FZ47I07140,244,Jazz,German
SONG089,K36FAOPRMOC0K7Z,237,Jazz,German
SONG090,TDL25B7KXUPR6H2,289,Classical,Portuguese
SONG091,HXN4D24N9YGCMR8,197,Pop,German
SONG092,ESMPF0IEOKVG019,225,Rock,Italian
SONG093,YDQ3NWQAEEX6IV9,199,Jazz,Portuguese
SONG094,RYDVN9ZKELZ5TOZ,155,Jazz,German
SONG095,O32TC4T3X1HXE5Z,171,Classical,Spanish
SONG096,AQLBUXDJ1DEK8G9,270,Rock,French
SONG097,XIB86KTFRL69VSY,246,Rock,Spanish
SONG098,XBBF4HETVJ0PTJX,228,Pop,French
SONG099,FQ8Y7FHWJWXZUXS,255,Pop,Italian
SONG100,F3L2N8IJTYOLD62,221,Rock,English
SONG101,F2JD9I82ES5V3DM,224,Pop,German
SONG102,UKJDBL1G3Y2T5OV,281,Jazz,French
SONG103,JYZXFUJ7XN1YPQP,297,Classical,Italian
SONG104,MQK8SZ7IWDL14WC,285,Classical,English
SONG105,IDUDK73A8Y7ERYY,279,Rock,Italian
SONG106,TEAG3APTM9X798Y,155,Pop,Portuguese
SONG107,BQG716GNEMBRG8M,207,Rock,Portuguese
SONG108,Y344KRJAWO778S6,177,Folk,Spanish
SONG109,764CAQKDM0OAPHT,244,Classical,Spanish
SONG110,6O6A1JQNN6TJ9XP,211,Jazz,Portuguese
SONG111,F0A5ZDKEPLBX889,292,Rock,Italian
SONG112,ERRYE12O003E82E,278,Classical,French
SONG113,MAYB3PVARKCPW0G,282,Classical,Portuguese
SONG114,KEJZXPR2D0VG4WF,195,Folk,English
SONG115,EOJGFAH5NSZ9HPC,220,Jazz,Spanish
SONG116,PBDN7ZI6GAXLKKV,234,Classical,English
SONG117,PJRMEYY1EM30VVI,184,Jazz,Italian
SONG118,JVDDWVB853GQD7W,269,Rock,French
SONG119,KR1TFEPZ614UMNW,165,Jazz,Portuguese
SONG120,EPRS82GJ8K8C9G3,237,Rock,Spanish
SONG121,RTSCPSUOVHAUVA7,159,Classical,English
SONG122,SSZJ4KJEITKX7JE,224,Rock,Portuguese
SONG123,5B99HEXW8L85JE6,164,Pop,Spanish
SONG124,K9WAM0KJAX57U0Y,224,Classical,French
SONG125,8JWVHPLHW4OQ0PF,211,Rock,English
SONG126,RRQ3GU7GKL53YGF,202,Classical,Spanish
SONG127,PQXO0E1ADNDA37E,205,Folk,Portuguese
SONG128,1J7V2A2T34DF163,203,Jazz,French
SONG129,LRITJTABTD5OAII,240,Pop,French
SONG130,NMK7YYZ6R9I8KCM,199,Folk,Spanish
SONG131,M7DBFPMGP6YWK5J,284,Rock,Portuguese
SONG132,RNJ622592FFQ293,215,Classical,Portuguese
SONG133,EP0FLE1MRR9VWE7,300,Jazz,French
SONG134,7NTTRTIDZS13HDN,230,Pop,Italian
SONG135,H4NRED6M42FQ4T7,181,Jazz,Portuguese
SONG136,PHI0EZF0ZPBDURV,251,Classical,Italian
SONG137,FFFIA3O1QFS8Q0P,206,Classical,French
SONG138,XAECXVGFOP8QZJU,186,Jazz,English
SONG139,LI7JDN80OCO39VC,176,Jazz,German
SONG140,YRXONBNPJDN2MIF,173,Pop,French
SONG141,DHA6GH7IDUB9RBD,174,Jazz,French
SONG142,L918SLOMEYL6SS1,266,Jazz,French
SONG143,A2R5BFYCW8IHYFZ,284,Pop,Italian
SONG144,9S9VS1QEKW7BZYI,269,Jazz,Italian
SONG145,9V8U9DA1L526RQG,181,Jazz,Italian
SONG146,KCUMCZQ991P778R,289,Rock,French
SONG147,NKOWYPSWLDOQ59B,162,Jazz,Portuguese
SONG148,9C2ZUFDNU4I5YMQ,200,Classical,Spanish
SONG149,T3DGD8OPOCMVH0E,211,Rock,French
SONG150,QT8FHU91C329HHA,173,Pop,English
SONG151,1PJGFJC5QPH6GB6,200,Folk,Portuguese
SONG152,P8KH7RT28P6U3U6,276,Pop,Spanish
SONG153,H0UFX3030A67RL2,205,Jazz,German
SONG154,YJ0974WXUB0GZ1V,184,Classical,Portuguese
SONG155,HHGY8NNKL3ER9OM,253,Rock,Italian
SONG156,3P9M7QNTFPKXYWZ,232,Pop,English
SONG157,76DD4DA7D0WTWS3,207,Rock,Portuguese
SONG158,Y4H1TE48M2Q6X2O,160,Rock,German
SONG159,72SJXL66YA6BA24,254,Rock,French
SONG160,S0LGUPUOWOB7P7O,158,Folk,Italian
SONG161,0OLFIZEEUO164FL,169,Folk,Italian
SONG162,DAA1FWT9UA09W1G,171,Rock,French
SONG163,XHG403NJBCFA95D,279,Pop,French
SONG164,7EFJGC46HD2ORWH,277,Jazz,French
SONG165,P6WQFK6XW4EMM9V,233,Folk,German
SONG166,ASJEVTS1HN6BEDY,249,Pop,Portuguese
SONG167,EJHDZXQ3P87JH4Z,174,Folk,German
SONG168,8D2VFHZPQVJLDNH,268,Classical,Portuguese
SONG169,M63Q68JOV58TOE3,278,Jazz,French
SONG170,PGIHNFLAYZHULIC,254,Pop,Italian
SONG171,KHHUZ83YUXYP3HB,291,Folk,Italian
SONG172,RBJEQVVIAA2UAQE,284,Jazz,French
SONG173,8BTSMAQ3OKLMC1R,152,Classical,German
SONG174,BK9RX647DI3E950,152,Rock,Italian
SONG175,ID033TAYB5BBKJY,197,Pop,German
SONG176,2NZ7VELFV46WYSI,203,Classical,German
SONG177,RRK1RD1ZM4IX4ZC,156,Rock,Spanish
SONG178,RHYQNRM31SL7ZX4,157,Pop,English
SONG179,DE7NQWHOCPY8UDQ,300,Classical,Spanish
SONG180,DDAQJRTMETMHOPM,177,Rock,Portuguese
SONG181,PNBN7GGGJVSDBID,235,Folk,Portuguese
SONG182,E6UITJ5ZOOH3YRG,256,Classical,Spanish
SONG183,HWZKAG6W04YGYFL,178,Jazz,Portuguese
SONG184,Q8XPA95G1AMRA5R,290,Jazz,Portuguese
SONG185,BAYKIS11D2MRMTX,182,Classical,Spanish
SONG186,JQ3KMSX54RJSXFO,284,Pop,French
SONG187,H9MBUZPHD7NDJWT,153,Classical,French
SONG188,695G6MLV8JGUZ4E,212,Classical,Spanish
SONG189,2U2MDA7FYSKUFRC,246,Classical,German
SONG190,KQH3ERAM4BE52S8,235,Folk,French
SONG191,U8ZF0P7KB7IYNO6,270,Rock,English
SONG192,67VGP52F1JOHKK7,277,Jazz,Italian
SONG193,QG24DSYSYMMQ8Q6,217,Classical,German
SONG194,A1DF62UNW65B4EY,222,Classical,German
SONG195,Q1S4DJ9DV3UY5EV,180,Classical,German
SONG196,SZZSU8E6XFWZ73W,256,Folk,Italian
SONG197,HCF5SIDASO7KRGI,150,Classical,Spanish
SONG198,4JWPXEFAF0ISZHR,204,Pop,Italian
SONG199,KDVNJN2Q3FKEOUB,250,Rock,Portuguese
SONG200,XXQ6MF5QAFS4H6S,244,Rock,Portuguese
SONG201,SGFXUQ4F2X7C4R8,238,Pop,English
SONG202,VGZSXJZVUV3CB0I,184,Folk,French
SONG203,XRYLI172D50N97C,164,Pop,Spanish
SONG204,JB0PNWBGDQEWUHR,169,Classical,Italian
SONG205,YI0PT2DA8DBFA1U,229,Rock,Italian
SONG206,5MY80TGH3SM642P,168,Classical,Spanish
SONG207,W5UESDRBTA3K3OM,181,Jazz,English
SONG208,5FKTISWLWT6U79X,284,Classical,French
SONG209,BPH5CH3L16CR3UV,297,Folk,Italian
SONG210,43MCO075RE0DRIM,223,Classical,French
SONG211,R25I7A2HVNYARNN,177,Folk,Spanish
SONG212,EZTEEW6MM7IDAO1,288,Rock,English
SONG213,3TB25ICCPKLV69E,224,Folk,French
SONG214,OXXC7HZ364PKNT5,207,Classical,English
SONG215,I6LTDMO8RC64SKT,209,Folk,German
SONG216,E02BIP18A4JVK8C,251,Classical,French
SONG217,4NANPINXTXB1761,285,Classical,Portuguese
SONG218,M3J1HA0W52713T8,272,Classical,Italian
SONG219,7K9TPZ1J8Q9I6KY,237,Pop,Spanish
SONG220,J91KUBJJJX1ALX4,156,Pop,Italian
SONG221,4PAABMWUOUC6T8P,300,Folk,Spanish
SONG222,J2JRIG5XIXGSPLT,185,Folk,Portuguese
SONG223,I899A44TBIDSECH,254,Jazz,English
SONG224,U3YCPKAVM96N7KB,199,Classical,French
SONG225,NKFVDHLZ02Z7NUX,193,Classical,Spanish
SONG226,F1X889U9W0TE52V,190,Jazz,Portuguese
SONG227,XSLHU6L29IL9YQ8,205,Pop,German
SONG228,OCUCNRI2I397I6Y,279,Jazz,French
SONG229,XV2MEOSFR5HGQGP,187,Pop,Italian
SONG230,1ZQD54AGCSTNPEZ,168,Folk,Italian
SONG231,IKM3MVDZC786W0P,211,Rock,Italian
SONG232,1Z00V3SFAVYQLG0,265,Rock,French
SONG233,K1IRBSSS7KN18B8,220,Classical,French
SONG234,50PK5LMFKRIG7JV,235,Jazz,French
SONG235,DIKDTSGVB6THR3N,236,Jazz,English
SONG236,K8PQEQ7Z7E5RDEK,257,Jazz,Portuguese
SONG237,Y820ICFMQ0YCY6B,169,Jazz,English
SONG238,DZSGU4W8WIV5HHQ,173,Rock,French
SONG239,RGREWDS0HPRWZBY,215,Classical,German
SONG240,WWIMT8545YRWVTK,159,Rock,Spanish
SONG241,H861PQIPG8XMOE5,225,Pop,Portuguese
SONG242,45VYBJH4OULYO3P,183,Classical,Portuguese
SONG243,JBRHWBQH5T2D8VE,283,Jazz,English
SONG244,T8AN2LM1CBHT94O,287,Folk,Italian
SONG245,ZKFNOTIA41SS2BK,254,Jazz,French
SONG246,AWYB03NO355CSZ0,160,Pop,French
SONG247,A0T7DVO342P0KQD,243,Classical,English
SONG248,8UNPIOKKZSN9081,155,Pop,English
SONG249,ZQUA1QRDLFWDUH7,236,Jazz,German
SONG250,VDO4S41CRO04BYV,210,Jazz,Italian
SONG251,5JHURR8IQRT007P,276,Classical,Spanish
SONG252,CEASEH5E5RWSF5P,251,Classical,Italian
SONG253,AE9Z5JL6UFKY28N,259,Jazz,Portuguese
SONG254,VQHL097FZRLGQ9A,261,Jazz,Spanish
SONG255,ZHDQDWVCW5MAGK6,161,Classical,Italian
SONG256,P0N17UXHVDHGUES,282,Rock,Italian
SONG257,XNU4V80W6HAIH7W,174,Classical,Italian
SONG258,FRAC8E3PQK1IO1Z,179,Classical,Italian
SONG259,M4LCVHFWJFPPZJE,182,Jazz,Spanish
SONG260,6XG541MPW57GN79,259,Classical,German
SONG261,HMHVL66SAJXXO9Z,154,Jazz,Portuguese
SONG262,JCUBZQVQG0XTDNW,160,Rock,French
SONG263,ZZG4C4EPZL4J4X0,199,Rock,Portuguese
SONG264,LY66G9ZNAXOYCG1,164,Folk,Portuguese
SONG265,FJGBVYOW47LUEQ4,283,Classical,Portuguese
SONG266,D7D7GDLWAGAWQ57,202,Classical,Portuguese
SONG267,LY7500LNKKUO4JH,242,Rock,German
SONG268,9JPDMN1S3YG8VFU,249,Jazz,Portuguese
SONG269,9PXYKM8T0JSHHJ7,251,Pop,Italian
SONG270,SWRQLUX6LDM6FRM,172,Classical,German
SONG271,6GMFT1PWVZ0RI0V,156,Folk,French
SONG272,ROB7I77DPJUVFFK,248,Classical,French
SONG273,VZS8UFX2BD2FMOQ,189,Pop,Portuguese
SONG274,XHGLG4P0FT1AFDT,266,Jazz,Italian
SONG275,OHRNQI7NL7OLKY5,168,Rock,Spanish
SONG276,VTMY8A5GINSAVOC,232,Rock,English
SONG277,IRBKDNGFLYRJ8GO,204,Folk,English
SONG278,SD3M0XO3FESYAXY,175,Pop,French
SONG279,PBP0E36S2Z48EGP,194,Folk,English
SONG280,15CA8ZJSW5PQB5Q,205,Pop,German
SONG281,BVNPY1AJKPQKBE0,215,Folk,German
SONG282,TOGTEFR6MQW7673,237,Jazz,French
SONG283,UBLBV03DS0MWKOG,241,Jazz,Spanish
SONG284,0Z0C682U9WT2YBU,163,Classical,Portuguese
SONG285,H7JYGSBOGKAH2XJ,260,Folk,English
SONG286,Q2WDIZHW0VQPVTR,280,Jazz,Italian
SONG287,UML3F4RTGOOXUCR,290,Classical,Italian
SONG288,9C0TK1QQFVWUO11,196,Pop,German
SONG289,K09NTN8EOHDK519,261,Pop,English
SONG290,9TMH6K1WXYWWSTI,296,Pop,Spanish
SONG291,O1K7F5OA31XYDUP,177,Rock,English
SONG292,PGBIVSCUOAVFWY8,274,Folk,German
SONG293,AV2OSG6Q0IQZHEC,274,Classical,French
SONG294,BUQYPIGQX2456IZ,258,Rock,French
SONG295,C0YOSQN285TZV9Z,293,Folk,Portuguese
SONG296,P3C330BO7WP2D41,186,Folk,Italian
SONG297,U2ZNXFIRJLYQZ11,203,Folk,English
SONG298,MYLQJJBFSA5UZLZ,284,Folk,English
SONG299,UKZYF2EV4JI4UFA,217,Rock,French
SONG300,NS5SR69XVSSN7X5,224,Classical,Portuguese
SONG301,RRNYCIHFV0EHRUW,160,Jazz,Italian
SONG302,A03260NBW8SJ84T,179,Jazz,French
SONG303,C2QSI2G74IZG9JJ,211,Classical,Portuguese
SONG304,0076EKHI1RD5B2C,227,Jazz,Italian
SONG305,RPRDVVKAP6ZPXVW,291,Rock,Portuguese
SONG306,19JOJWLRKXJTMYS,151,Rock,German
SONG307,WE1GA6SRG1YD5MY,285,Folk,Portuguese
SONG308,3GDILK1QY7HYLGO,264,Classical,English
SONG309,GFXLSRVP0IJ74NL,199,Folk,English
SONG310,03LLU1A7BOXFQJ3,237,Rock,German
SONG311,HXJ3APNU02WPJCF,226,Rock,French
SONG312,07V882O8ZI9VCCM,210,Rock,Spanish
SONG313,TPKQ5C9035VUUPL,272,Classical,German
SONG314,TXU3YF15Z08N10H,290,Classical,Portuguese
SONG315,LINH8JV7FXP323C,285,Folk,Portuguese
SONG316,9NU985LTKMCCDUE,184,Jazz,Italian
SONG317,FS4UQXGCY3Q69FL,254,Rock,French
SONG318,GUQ2086OKWOALF4,161,Rock,English
SONG319,V1TXH376ZUGFLDT,204,Classical,Italian
SONG320,8BEMC57XHF9I71A,209,Classical,French
SONG321,57E8A54HBPH1VE8,245,Pop,English
SONG322,SUSFH70M9OHDSRS,181,Folk,Italian
SONG323,8ANP8DMLC8XIZX3,163,Jazz,Spanish
SONG324,5A806B4GASFQBVH,176,Rock,Spanish
SONG325,0KW3PGSF3YN72BH,244,Folk,English
SONG326,ON4WBABQ0FOT10G,265,Pop,French
SONG327,DMIPC8QO6P43AR6,154,Folk,Portuguese
SONG328,JLT8YDR3UES2FX0,162,Rock,Italian
SONG329,ZKWIJ0KZQVS9J6L,279,Classical,Spanish
SONG330,NF0402W29AW4IOA,244,Folk,English
SONG331,R4G58O9QJP0XSM9,294,Jazz,Italian
SONG332,GM51QD41J2PATD9,298,Rock,English
SONG333,3EZEMQT788G35SF,166,Folk,French
SONG334,Y1H0S2UTBTTY9GF,224,Jazz,Spanish
SONG335,YW4I7ZT8PHB8OOS,223,Rock,English
SONG336,PRLZKCZYH0VC1FR,296,Classical,Portuguese
SONG337,F899OFPVIMI8FO0,196,Rock,French
SONG338,VYHFJLWSS1VIP3T,154,Jazz,Portuguese
SONG339,VF51Z58B4JWPGZ5,265,Classical,French
SONG340,RKSD085I4RZPCD1,215,Rock,English
SONG341,406XLYJMAZRVHPJ,299,Rock,French
SONG342,93RVUV5YBD4XDD8,192,Folk,French
SONG343,IUZV3ZBXPQ5BO20,253,Classical,English
SONG344,P6HGWLKOBQ6MYM8,296,Classical,Portuguese
SONG345,J2LZW1FU5X012GR,257,Folk,Portuguese
SONG346,DMT28LL6DOWX1H4,296,Pop,Spanish
SONG347,RMPNFGAGLSXKUGW,246,Rock,Spanish
SONG348,CDZ6X4FMMEN4052,225,Classical,Spanish
SONG349,W8LI3IF9AIZH5P3,291,Pop,Portuguese
SONG350,FK84RPU9GGSOU6N,266,Classical,French
SONG351,J2N2PN7ITCYL3Z2,172,Jazz,English
SONG352,UD79ZTD3IMZ93IJ,283,Folk,English
SONG353,4QPVC9AQX6RZCM8,225,Folk,Italian
SONG354,JJ6AVP1EOXLZKI2,187,Pop,Portuguese
SONG355,SO19V58B1V1CCOF,287,Jazz,Portuguese
SONG356,H9194B70LDOZY2N,243,Classical,English
SONG357,R4GLGPJDJHMXCQD,298,Folk,English
SONG358,J5CUYDA9ALL2UNC,248,Jazz,English
SONG359,GWRT9DYFNGP41S3,295,Classical,Spanish
SONG360,QW752E77DYVGDGF,213,Folk,Spanish
SONG361,WMQX327YCIF8R2B,187,Pop,English
SONG362,C9R4X1V4DX6UZS1,234,Classical,French
SONG363,XKE1KWONRRLRNR2,294,Folk,French
SONG364,KYB3GD60UGLBB8N,176,Jazz,English
SONG365,MT3YPS4SYBHQGHL,225,Folk,English
SONG366,ZRUWBN6EK6X6LGO,155,Folk,Italian
SONG367,I7OFVWJ7YZ6L7X6,278,Rock,Portuguese
SONG368,OA3N4G2JAYB1EYC,229,Pop,English
SONG369,EF2CTG08ZZKK4J1,295,Rock,Spanish
SONG370,O5HD4HSBREBNDYC,199,Folk,French
SONG371,PN0P1XS910BAF4J,194,Classical,Portuguese
SONG372,GQ6CN8SIWMZAP4V,198,Pop,German
SONG373,KFTLECSAZ0LB6YA,177,Classical,Portuguese
SONG374,ACNU41BTA3RUNYN,197,Classical,Portuguese
SONG375,6IRJ9WR6Q5IK08N,207,Pop,Italian
SONG376,JF0PKBO549EWHO5,225,Pop,Spanish
SONG377,QQ8QMXETIZU802N,186,Jazz,French
SONG378,Q52NLOQTQ685OHM,260,Classical,French
SONG379,6X7P7AHUG9Y1XU2,253,Jazz,Italian
SONG380,FLI01RV1TWBDCA7,294,Rock,Portuguese
SONG381,5LD7M08LCWL6QMG,293,Pop,Portuguese
SONG382,K2F5FE6OUWZK4IE,164,Rock,French
SONG383,86DB5RR1V9NPUQA,254,Classical,English
SONG384,RYMMDNGWY7D78HW,155,Folk,German
SONG385,K22M9RWV9NJS96A,292,Classical,Italian
SONG386,LGXZJ9MJ9XXLB57,271,Rock,French
SONG387,AUKHQNZJNNS9PZE,189,Folk,Spanish
SONG388,MJGKCQY2656AE1I,251,Pop,Spanish
SONG389,GCUIDC00M6CU88W,180,Pop,German
SONG390,LXWCE77GZDPYHZN,267,Folk,French
SONG391,WG3ZRZQ0V4PSC9J,256,Rock,Italian
SONG392,5UGE1G41IO4KOXH,157,Jazz,English
SONG393,JMIA6YKFCR6C1PY,263,Folk,Portuguese
SONG394,6Q9YL16ZV8U0LM3,194,Pop,French
SONG395,NKRT0IGYO5L28O5,205,Folk,Spanish
SONG396,QF0N852N5FNP36F,229,Folk,Portuguese
SONG397,8HARJHRF34JGVRP,293,Jazz,Portuguese
SONG398,4RXMD8ZVFSRHR8W,208,Pop,German
SONG399,MLWWVTMNYEURANI,283,Folk,Italian
SONG400,8Y66W6RKM2Z682U,206,Folk,English
SONG401,6ZV3IU6L5NFLTQ6,233,Rock,French
SONG402,80COG1ZN1RIAMWU,242,Pop,German
SONG403,28RL5H3G7VKC5SS,212,Rock,French
SONG404,INZ4KHKBXPN19QN,283,Rock,English
SONG405,FPL7QHVKVLABLRF,185,Folk,English
SONG406,3NAPLGW1XL1BS0Z,293,Classical,German
SONG407,R7FDFZDMMCMCOCO,154,Rock,English
SONG408,2ZTDHF15ICYAXZR,222,Jazz,Italian
SONG409,B188ELNWOSKAZOC,150,Jazz,Portuguese
SONG410,HBIRMC5S3OFAWWJ,238,Classical,Spanish
SONG411,NN41JH6OXQQ8Y1H,254,Pop,Portuguese
SONG412,END7H10KYHVKQXI,180,Rock,Italian
SONG413,64HAA34H8NL9VFR,186,Jazz,French
SONG414,UK94IW54W487KNU,294,Jazz,German
SONG415,FBHGP5CPA16KJ75,261,Folk,English
SONG416,2H70YB7RADI5UUJ,237,Pop,Italian
SONG417,ZR0FCYBR3O9UBC1,157,Pop,Portuguese
SONG418,KKR2AJ5IQAX54P8,290,Classical,German
SONG419,RI4BNVQRFXNTF0M,187,Folk,French
SONG420,GOQMK31RTMPV5LM,253,Rock,French
SONG421,Q15FBS4WVT3F2F3,241,Pop,Italian
SONG422,HYCPESBDA7XFIZM,289,Folk,German
SONG423,E02TOXOU0Y9IXFY,187,Pop,Spanish
SONG424,1Z682R6ZL1KHW8G,261,Pop,French
SONG425,AKH3YCQE8XAVMNK,218,Folk,English
SONG426,W7WVY9RMJR211PV,173,Rock,Italian
SONG427,58Y9N81DJDI3WDN,290,Jazz,French
SONG428,MVQLTZQWDYVYBSC,247,Jazz,Portuguese
SONG429,GJU2T0JESGQ4BVP,296,Classical,German
SONG430,Y8CRIN0XGNKI5VR,246,Classical,German
SONG431,Z38EFE9VAR2PZ6N,238,Pop,Portuguese
SONG432,TPBPZCD5XRSI7EA,254,Classical,Spanish
SONG433,DGHXTUR8XUEBHK0,168,Classical,English
SONG434,ONSASJTK3LIRHXR,205,Jazz,Portuguese
SONG435,HGTW4CY4F1R9CFW,153,Classical,Portuguese
SONG436,OW73O1BLOG0NQ4I,293,Pop,Portuguese
SONG437,6R8SO5WISRCVPUZ,273,Classical,English
SONG438,11BJKX9M4V74QR1,259,Rock,French
SONG439,4VUYV2EMY9TWCW7,175,Jazz,Portuguese
SONG440,5VI7LIG9GMYKVYG,187,Pop,Portuguese
SONG441,W22YGYZTHQSE0KI,198,Folk,Italian
SONG442,VWM53NOZ7QMJCEN,285,Folk,Italian
SONG443,TOC3JR7T3SPJ9WR,230,Rock,German
SONG444,DPLFE19BCDTED0P,296,Rock,French
SONG445,BXCE9ZKIHV17MIA,236,Classical,Portuguese
SONG446,V1G8NTAFUW93EIO,180,Classical,Italian
SONG447,IV67KAYP44QI4OP,214,Classical,Spanish
SONG448,F541A1HYP5MASNP,199,Folk,English
SONG449,HFC4YGOHMJZ6N58,218,Jazz,English
SONG450,YUXCZAUMAPQPPMJ,252,Rock,French
SONG451,6JFHVSTHBNBIZFW,288,Rock,Spanish
SONG452,TJSJFFP5GOFC5WU,188,Folk,English
SONG453,2550KQPGA8VC1J2,211,Classical,French
SONG454,T2TNGTG2LGJ3S6O,300,Jazz,German
SONG455,GQ4IVN2QQZZFVB9,229,Jazz,French
SONG456,EKTR1T05QXS2U4O,280,Pop,Spanish
SONG457,J7G4EBC94E6NKAR,219,Folk,German
SONG458,1H11QV1F2OF66JO,160,Classical,Italian
SONG459,ZNHE8IFXDNM655C,157,Classical,German
SONG460,K3TB94CLLSAD0UC,192,Jazz,Italian
SONG461,SWNQMWMLN2V51PS,272,Jazz,German
SONG462,XT0S9F3LZ0WF1HW,207,Classical,Spanish
SONG463,JHBAEPG25PU9H9F,150,Jazz,German
SONG464,B02H6FYEY3M0NQ8,151,Folk,French
SONG465,UT60WLFYZSKV6IA,281,Folk,French
SONG466,RLSR0O8K5DFI25I,261,Rock,English
SONG467,67ZSOOUKIW8X17C,250,Rock,German
SONG468,OPO9MNLR97OHPII,249,Jazz,English
SONG469,2MVV4DC0FP672ZF,166,Folk,Portuguese
SONG470,BQBK4Y7ZXDFLD9C,164,Classical,French
SONG471,BA7263RJK4CWEQ4,179,Folk,English
SONG472,F1SRIKOMFRQ8LX3,249,Folk,French
SONG473,P724XHQZBC5F9E0,278,Classical,Spanish
SONG474,KLLIRO7YY0KZ6XN,201,Folk,English
SONG475,OMB42O3Q825Q30Z,169,Classical,Spanish
SONG476,X815G5FJD5MBFSR,170,Jazz,English
SONG477,KHGBAMMWMD18HFY,199,Folk,German
SONG478,40JOTV7H10B8VK9,235,Folk,Italian
SONG479,QKAV8C3PQ5U74IJ,156,Classical,French
SONG480,643YUOAIH3IABC2,162,Folk,Spanish
SONG481,T67A50121XRUTT2,166,Rock,French
SONG482,47O0GXAPLIRD70G,246,Classical,Italian
SONG483,KJFP0N1K9YXCFE7,285,Rock,Spanish
SONG484,8C11JG1MS4TSRW2,164,Folk,German
SONG485,MDG3TJA622DCFF3,221,Classical,English
SONG486,TR7WB42P31OGWRV,170,Pop,French
SONG487,Z90472UQLN6BGUA,225,Pop,Italian
SONG488,XNM0ALQEDS1VRTT,168,Jazz,Italian
SONG489,1E32WITPBD7X9Z3,232,Folk,English
SONG490,9K499NR0OAKGDES,163,Pop,Spanish
SONG491,VDE91LEUUCBL116,266,Rock,Portuguese
SONG492,CZ75T6XDO7L5DL0,254,Pop,Portuguese
SONG493,ED8A6B3ODF76IMG,195,Pop,English
SONG494,7ZD3Q0E03YIOY5U,283,Pop,Spanish
SONG495,04RIPWN3KE9OUJW,200,Rock,Spanish
SONG496,6ZJVAEV0YU3U8IZ,299,Folk,Italian
SONG497,IIBCO8JEAHDZOMQ,263,Folk,English
SONG498,FXEN9NSJX4FOGX8,255,Rock,Spanish
SONG499,IRJBAQC6CQKO5FK,186,Classical,French
SONG500,PA2TVMXQYJROFH6,162,Rock,French
SONG501,AIRH8S7DZSYJX20,244,Pop,French
SONG502,AU5IK31YUW2TGRT,206,Rock,German
SONG503,FA11PMRG0ZPZJHO,221,Rock,Italian
SONG504,4VUDQHIBMQIMI8A,219,Pop,Portuguese
SONG505,CUEOBQT0D9TZHHN,154,Folk,English
SONG506,BAVEKVQHMIE22TW,276,Folk,German
SONG507,1BYTXZA43HOLDU7,262,Pop,German
SONG508,JPMMQZADWAJGF00,263,Rock,German
SONG509,HHEQXIEE6HW5KYF,222,Pop,French
SONG510,C6RANTY6D1HFDI3,250,Folk,Portuguese
SONG511,JSTY876795F9TU8,191,Folk,Portuguese
SONG512,PV2KJH01AONT75E,164,Jazz,Portuguese
SONG513,Z6IZ8ER6U0ESTIE,264,Pop,English
SONG514,6SV5ITMTJLEGP4H,185,Classical,French
SONG515,2HWSWCZT0LFJ4B1,253,Rock,Portuguese
SONG516,21Y50DF0WCYR2P6,255,Jazz,Portuguese
SONG517,XCW8AFMNE6X1JD3,183,Classical,German
SONG518,VURR6CG1S2LQSQB,185,Rock,English
SONG519,BX5NWD0JFNEO2S9,238,Pop,French
