vote_id,contest_id,country_id,points,voting_type,participant_id
VOTE000,CONT000,CTRY009,12,Public,PART020
VOTE001,CONT000,CTRY039,7,Jury,PART088
VOTE002,CONT000,CTRY014,5,Jury,PART506
VOTE003,CONT000,CTRY000,10,Public,PART193
VOTE004,CONT000,CTRY008,11,Jury,PART176
VOTE005,CONT000,CTRY001,9,Jury,PART306
VOTE006,CONT000,CTRY008,5,Jury,PART187
VOTE007,CONT000,CTRY021,12,Jury,PART042
VOTE008,CONT000,CTRY025,8,Public,PART172
VOTE009,CONT000,CTRY036,2,Jury,PART293
VOTE010,CONT000,CTRY006,8,Jury,PART224
VOTE011,CONT000,CTRY013,11,Public,PART455
VOTE012,CONT000,CTRY013,1,Jury,PART315
VOTE013,CONT000,CTRY000,9,Jury,PART273
VOTE014,CONT000,CTRY014,0,Public,PART273
VOTE015,CONT000,CTRY001,2,Public,PART079
VOTE016,CONT000,CTRY014,2,Jury,PART508
VOTE017,CONT000,CTRY012,1,Public,PART172
VOTE018,CONT000,CTRY016,7,Public,PART224
VOTE019,CONT000,CTRY026,11,Jury,PART275
VOTE020,CONT000,CTRY029,9,Jury,PART353
VOTE021,CONT000,CTRY028,7,Jury,PART438
VOTE022,CONT000,CTRY004,11,Public,PART343
VOTE023,CONT000,CTRY007,8,Jury,PART201
VOTE024,CONT000,CTRY027,9,Jury,PART513
VOTE025,CONT000,CTRY029,10,Jury,PART398
VOTE026,CONT000,CTRY023,10,Public,PART261
VOTE027,CONT000,CTRY000,10,Public,PART459
VOTE028,CONT000,CTRY028,1,Public,PART011
VOTE029,CONT000,CTRY027,2,Jury,PART169
VOTE030,CONT000,CTRY009,4,Jury,PART367
VOTE031,CONT000,CTRY030,8,Jury,PART300
VOTE032,CONT000,CTRY039,8,Jury,PART378
VOTE033,CONT000,CTRY039,3,Jury,PART230
VOTE034,CONT000,CTRY022,10,Jury,PART387
VOTE035,CONT000,CTRY020,9,Public,PART140
VOTE036,CONT000,CTRY015,7,Jury,PART428
VOTE037,CONT000,CTRY003,1,Jury,PART042
VOTE038,CONT000,CTRY011,7,Jury,PART287
VOTE039,CONT000,CTRY017,0,Jury,PART478
VOTE040,CONT000,CTRY023,5,Jury,PART177
VOTE041,CONT000,CTRY013,12,Jury,PART202
VOTE042,CONT000,CTRY003,9,Public,PART444
VOTE043,CONT000,CTRY005,8,Jury,PART272
VOTE044,CONT000,CTRY011,4,Public,PART064
VOTE045,CONT000,CTRY014,4,Jury,PART012
VOTE046,CONT000,CTRY037,5,Jury,PART003
VOTE047,CONT000,CTRY035,12,Jury,PART347
VOTE048,CONT000,CTRY016,1,Public,PART232
VOTE049,CONT000,CTRY031,12,Public,PART512
VOTE050,CONT000,CTRY010,4,Jury,PART345
VOTE051,CONT000,CTRY015,12,Public,PART320
VOTE052,CONT001,CTRY001,3,Public,PART493
VOTE053,CONT001,CTRY013,6,Public,PART274
VOTE054,CONT001,CTRY017,7,Public,PART178
VOTE055,CONT001,CTRY008,12,Jury,PART093
VOTE056,CONT001,CTRY002,2,Public,PART400
VOTE057,CONT001,CTRY008,8,Public,PART285
VOTE058,CONT001,CTRY034,6,Public,PART240
VOTE059,CONT001,CTRY018,8,Jury,PART328
VOTE060,CONT001,CTRY029,1,Public,PART016
VOTE061,CONT001,CTRY004,1,Jury,PART033
VOTE062,CONT001,CTRY037,2,Jury,PART225
VOTE063,CONT001,CTRY001,11,Public,PART488
VOTE064,CONT001,CTRY005,3,Public,PART079
VOTE065,CONT001,CTRY029,10,Jury,PART268
VOTE066,CONT001,CTRY010,0,Public,PART437
VOTE067,CONT001,CTRY010,3,Public,PART051
VOTE068,CONT001,CTRY008,8,Jury,PART312
VOTE069,CONT001,CTRY018,8,Jury,PART500
VOTE070,CONT001,CTRY003,5,Jury,PART420
VOTE071,CONT001,CTRY023,12,Public,PART096
VOTE072,CONT001,CTRY003,6,Jury,PART300
VOTE073,CONT001,CTRY028,8,Jury,PART227
VOTE074,CONT001,CTRY026,1,Public,PART466
VOTE075,CONT001,CTRY016,12,Public,PART517
VOTE076,CONT001,CTRY034,1,Jury,PART268
VOTE077,CONT001,CTRY029,9,Public,PART282
VOTE078,CONT001,CTRY006,3,Public,PART217
VOTE079,CONT001,CTRY030,9,Jury,PART468
VOTE080,CONT001,CTRY031,7,Public,PART052
VOTE081,CONT001,CTRY020,8,Jury,PART405
VOTE082,CONT001,CTRY016,1,Public,PART384
VOTE083,CONT001,CTRY026,4,Public,PART084
VOTE084,CONT001,CTRY006,5,Jury,PART462
VOTE085,CONT001,CTRY039,9,Public,PART359
VOTE086,CONT001,CTRY038,0,Public,PART425
VOTE087,CONT001,CTRY011,0,Jury,PART262
VOTE088,CONT001,CTRY016,11,Jury,PART424
VOTE089,CONT001,CTRY003,12,Public,PART478
VOTE090,CONT001,CTRY024,9,Jury,PART134
VOTE091,CONT001,CTRY023,10,Jury,PART397
VOTE092,CONT001,CTRY034,11,Public,PART239
VOTE093,CONT001,CTRY014,9,Jury,PART413
VOTE094,CONT001,CTRY034,10,Public,PART068
VOTE095,CONT001,CTRY028,2,Public,PART376
VOTE096,CONT001,CTRY009,1,Jury,PART304
VOTE097,CONT001,CTRY030,7,Public,PART089
VOTE098,CONT001,CTRY009,7,Public,PART381
VOTE099,CONT001,CTRY021,9,Public,PART034
VOTE100,CONT001,CTRY032,0,Public,PART061
VOTE101,CONT001,CTRY004,5,Public,PART152
VOTE102,CONT001,CTRY011,5,Jury,PART463
VOTE103,CONT001,CTRY009,2,Jury,PART486
VOTE104,CONT002,CTRY020,8,Public,PART170
VOTE105,CONT002,CTRY038,6,Jury,PART112
VOTE106,CONT002,CTRY002,6,Public,PART011
VOTE107,CONT002,CTRY037,9,Public,PART315
VOTE108,CONT002,CTRY021,3,Public,PART342
VOTE109,CONT002,CTRY024,3,Public,PART041
VOTE110,CONT002,CTRY025,12,Public,PART465
VOTE111,CONT002,CTRY034,5,Public,PART394
VOTE112,CONT002,CTRY018,1,Public,PART020
VOTE113,CONT002,CTRY016,10,Jury,PART297
VOTE114,CONT002,CTRY032,10,Jury,PART241
VOTE115,CONT002,CTRY009,5,Jury,PART372
VOTE116,CONT002,CTRY015,11,Jury,PART421
VOTE117,CONT002,CTRY031,8,Public,PART438
VOTE118,CONT002,CTRY015,8,Jury,PART034
VOTE119,CONT002,CTRY012,12,Jury,PART345
VOTE120,CONT002,CTRY028,0,Public,PART037
VOTE121,CONT002,CTRY036,12,Jury,PART233
VOTE122,CONT002,CTRY004,11,Public,PART253
VOTE123,CONT002,CTRY011,7,Public,PART454
VOTE124,CONT002,CTRY006,11,Public,PART273
VOTE125,CONT002,CTRY008,0,Jury,PART435
VOTE126,CONT002,CTRY005,12,Jury,PART251
VOTE127,CONT002,CTRY005,10,Jury,PART216
VOTE128,CONT002,CTRY003,5,Public,PART027
VOTE129,CONT002,CTRY007,3,Public,PART405
VOTE130,CONT002,CTRY033,2,Jury,PART494
VOTE131,CONT002,CTRY029,10,Public,PART450
VOTE132,CONT002,CTRY032,6,Jury,PART216
VOTE133,CONT002,CTRY002,0,Public,PART022
VOTE134,CONT002,CTRY015,11,Public,PART414
VOTE135,CONT002,CTRY022,11,Public,PART482
VOTE136,CONT002,CTRY035,1,Jury,PART123
VOTE137,CONT002,CTRY026,1,Jury,PART138
VOTE138,CONT002,CTRY039,9,Jury,PART187
VOTE139,CONT002,CTRY003,3,Jury,PART187
VOTE140,CONT002,CTRY004,12,Public,PART430
VOTE141,CONT002,CTRY029,9,Public,PART420
VOTE142,CONT002,CTRY003,1,Public,PART486
VOTE143,CONT002,CTRY031,0,Public,PART287
VOTE144,CONT002,CTRY018,3,Jury,PART083
VOTE145,CONT002,CTRY002,8,Public,PART016
VOTE146,CONT002,CTRY014,2,Public,PART462
VOTE147,CONT002,CTRY038,9,Jury,PART519
VOTE148,CONT002,CTRY009,7,Jury,PART441
VOTE149,CONT002,CTRY022,4,Public,PART336
VOTE150,CONT002,CTRY006,2,Public,PART223
VOTE151,CONT002,CTRY037,10,Public,PART514
VOTE152,CONT002,CTRY039,5,Jury,PART337
VOTE153,CONT002,CTRY039,5,Jury,PART047
VOTE154,CONT002,CTRY016,1,Jury,PART396
VOTE155,CONT002,CTRY022,3,Public,PART482
VOTE156,CONT003,CTRY011,11,Jury,PART210
VOTE157,CONT003,CTRY038,6,Jury,PART424
VOTE158,CONT003,CTRY020,0,Jury,PART209
VOTE159,CONT003,CTRY007,9,Public,PART311
VOTE160,CONT003,CTRY031,0,Jury,PART173
VOTE161,CONT003,CTRY006,11,Jury,PART515
VOTE162,CONT003,CTRY011,8,Public,PART493
VOTE163,CONT003,CTRY011,5,Jury,PART409
VOTE164,CONT003,CTRY009,8,Public,PART024
VOTE165,CONT003,CTRY031,12,Jury,PART322
VOTE166,CONT003,CTRY024,1,Public,PART330
VOTE167,CONT003,CTRY016,8,Public,PART022
VOTE168,CONT003,CTRY015,11,Jury,PART309
VOTE169,CONT003,CTRY014,1,Jury,PART141
VOTE170,CONT003,CTRY035,0,Public,PART142
VOTE171,CONT003,CTRY029,4,Public,PART120
VOTE172,CONT003,CTRY011,5,Jury,PART466
VOTE173,CONT003,CTRY010,0,Public,PART060
VOTE174,CONT003,CTRY001,2,Public,PART268
VOTE175,CONT003,CTRY023,4,Public,PART432
VOTE176,CONT003,CTRY018,3,Jury,PART079
VOTE177,CONT003,CTRY009,11,Public,PART411
VOTE178,CONT003,CTRY009,7,Jury,PART453
VOTE179,CONT003,CTRY007,3,Jury,PART030
VOTE180,CONT003,CTRY024,6,Jury,PART416
VOTE181,CONT003,CTRY011,1,Jury,PART400
VOTE182,CONT003,CTRY024,5,Jury,PART210
VOTE183,CONT003,CTRY020,11,Jury,PART191
VOTE184,CONT003,CTRY016,12,Public,PART062
VOTE185,CONT003,CTRY037,12,Public,PART071
VOTE186,CONT003,CTRY024,8,Jury,PART411
VOTE187,CONT003,CTRY012,7,Public,PART166
VOTE188,CONT003,CTRY012,3,Jury,PART015
VOTE189,CONT003,CTRY000,6,Jury,PART485
VOTE190,CONT003,CTRY034,12,Jury,PART196
VOTE191,CONT003,CTRY012,6,Jury,PART181
VOTE192,CONT003,CTRY012,2,Jury,PART082
VOTE193,CONT003,CTRY018,7,Public,PART163
VOTE194,CONT003,CTRY018,1,Jury,PART502
VOTE195,CONT003,CTRY019,3,Public,PART122
VOTE196,CONT003,CTRY028,11,Public,PART157
VOTE197,CONT003,CTRY001,5,Jury,PART428
VOTE198,CONT003,CTRY019,8,Jury,PART330
VOTE199,CONT003,CTRY032,11,Public,PART208
VOTE200,CONT003,CTRY033,9,Jury,PART238
VOTE201,CONT003,CTRY031,6,Jury,PART474
VOTE202,CONT003,CTRY032,9,Public,PART092
VOTE203,CONT003,CTRY038,3,Jury,PART468
VOTE204,CONT003,CTRY037,3,Jury,PART006
VOTE205,CONT003,CTRY021,5,Jury,PART433
VOTE206,CONT003,CTRY000,3,Jury,PART315
VOTE207,CONT003,CTRY017,12,Jury,PART268
VOTE208,CONT004,CTRY029,9,Jury,PART175
VOTE209,CONT004,CTRY001,0,Jury,PART414
VOTE210,CONT004,CTRY010,11,Public,PART298
VOTE211,CONT004,CTRY000,0,Jury,PART161
VOTE212,CONT004,CTRY023,10,Jury,PART030
VOTE213,CONT004,CTRY039,5,Jury,PART211
VOTE214,CONT004,CTRY024,8,Public,PART240
VOTE215,CONT004,CTRY032,5,Jury,PART089
VOTE216,CONT004,CTRY022,12,Jury,PART243
VOTE217,CONT004,CTRY004,6,Jury,PART334
VOTE218,CONT004,CTRY039,1,Public,PART309
VOTE219,CONT004,CTRY020,5,Public,PART019
VOTE220,CONT004,CTRY012,10,Jury,PART115
VOTE221,CONT004,CTRY028,4,Jury,PART289
VOTE222,CONT004,CTRY031,7,Jury,PART367
VOTE223,CONT004,CTRY016,10,Public,PART428
VOTE224,CONT004,CTRY039,3,Jury,PART460
VOTE225,CONT004,CTRY011,1,Public,PART027
VOTE226,CONT004,CTRY025,10,Public,PART389
VOTE227,CONT004,CTRY027,5,Jury,PART183
VOTE228,CONT004,CTRY013,6,Jury,PART065
VOTE229,CONT004,CTRY010,6,Public,PART348
VOTE230,CONT004,CTRY038,3,Jury,PART449
VOTE231,CONT004,CTRY020,9,Public,PART194
VOTE232,CONT004,CTRY026,7,Jury,PART002
VOTE233,CONT004,CTRY014,9,Public,PART376
VOTE234,CONT004,CTRY017,2,Jury,PART264
VOTE235,CONT004,CTRY011,5,Public,PART166
VOTE236,CONT004,CTRY028,5,Public,PART278
VOTE237,CONT004,CTRY031,12,Public,PART237
VOTE238,CONT004,CTRY030,1,Public,PART284
VOTE239,CONT004,CTRY020,1,Jury,PART251
VOTE240,CONT004,CTRY010,6,Jury,PART055
VOTE241,CONT004,CTRY010,4,Jury,PART150
VOTE242,CONT004,CTRY022,3,Jury,PART077
VOTE243,CONT004,CTRY036,6,Public,PART477
VOTE244,CONT004,CTRY009,10,Public,PART114
VOTE245,CONT004,CTRY001,9,Jury,PART424
VOTE246,CONT004,CTRY026,0,Public,PART482
VOTE247,CONT004,CTRY005,10,Jury,PART514
VOTE248,CONT004,CTRY025,2,Jury,PART005
VOTE249,CONT004,CTRY022,8,Jury,PART395
VOTE250,CONT004,CTRY034,3,Public,PART385
VOTE251,CONT004,CTRY005,7,Jury,PART277
VOTE252,CONT004,CTRY009,7,Public,PART227
VOTE253,CONT004,CTRY038,2,Jury,PART116
VOTE254,CONT004,CTRY008,7,Public,PART351
VOTE255,CONT004,CTRY001,0,Jury,PART053
VOTE256,CONT004,CTRY023,2,Public,PART105
VOTE257,CONT004,CTRY036,8,Jury,PART388
VOTE258,CONT004,CTRY010,9,Jury,PART258
VOTE259,CONT004,CTRY009,6,Public,PART145
VOTE260,CONT005,CTRY037,12,Jury,PART095
VOTE261,CONT005,CTRY018,10,Public,PART336
VOTE262,CONT005,CTRY007,6,Jury,PART001
VOTE263,CONT005,CTRY004,6,Public,PART204
VOTE264,CONT005,CTRY020,0,Jury,PART459
VOTE265,CONT005,CTRY026,5,Jury,PART047
VOTE266,CONT005,CTRY013,3,Public,PART117
VOTE267,CONT005,CTRY002,4,Jury,PART487
VOTE268,CONT005,CTRY009,2,Jury,PART055
VOTE269,CONT005,CTRY037,8,Jury,PART159
VOTE270,CONT005,CTRY020,1,Public,PART422
VOTE271,CONT005,CTRY020,6,Public,PART305
VOTE272,CONT005,CTRY037,12,Public,PART043
VOTE273,CONT005,CTRY025,4,Public,PART456
VOTE274,CONT005,CTRY014,4,Jury,PART049
VOTE275,CONT005,CTRY027,1,Jury,PART208
VOTE276,CONT005,CTRY015,11,Public,PART031
VOTE277,CONT005,CTRY029,10,Public,PART032
VOTE278,CONT005,CTRY009,6,Jury,PART067
VOTE279,CONT005,CTRY026,1,Jury,PART465
VOTE280,CONT005,CTRY011,0,Public,PART163
VOTE281,CONT005,CTRY039,1,Public,PART411
VOTE282,CONT005,CTRY018,9,Jury,PART153
VOTE283,CONT005,CTRY011,11,Jury,PART169
VOTE284,CONT005,CTRY002,7,Jury,PART424
VOTE285,CONT005,CTRY027,5,Public,PART178
VOTE286,CONT005,CTRY024,10,Jury,PART303
VOTE287,CONT005,CTRY004,3,Public,PART306
VOTE288,CONT005,CTRY021,5,Public,PART334
VOTE289,CONT005,CTRY016,8,Public,PART030
VOTE290,CONT005,CTRY039,10,Jury,PART019
VOTE291,CONT005,CTRY032,4,Jury,PART468
VOTE292,CONT005,CTRY001,6,Jury,PART150
VOTE293,CONT005,CTRY035,4,Public,PART519
VOTE294,CONT005,CTRY021,0,Public,PART347
VOTE295,CONT005,CTRY006,5,Jury,PART188
VOTE296,CONT005,CTRY012,1,Jury,PART478
VOTE297,CONT005,CTRY013,0,Jury,PART282
VOTE298,CONT005,CTRY006,3,Public,PART090
VOTE299,CONT005,CTRY014,10,Jury,PART077
VOTE300,CONT005,CTRY034,8,Jury,PART429
VOTE301,CONT005,CTRY002,8,Jury,PART002
VOTE302,CONT005,CTRY002,0,Public,PART433
VOTE303,CONT005,CTRY017,2,Jury,PART115
VOTE304,CONT005,CTRY036,7,Public,PART394
VOTE305,CONT005,CTRY034,3,Public,PART112
VOTE306,CONT005,CTRY014,0,Public,PART175
VOTE307,CONT005,CTRY010,4,Public,PART483
VOTE308,CONT005,CTRY004,2,Public,PART415
VOTE309,CONT005,CTRY005,7,Public,PART401
VOTE310,CONT005,CTRY011,6,Public,PART135
VOTE311,CONT005,CTRY009,3,Jury,PART015
VOTE312,CONT006,CTRY006,6,Public,PART033
VOTE313,CONT006,CTRY011,2,Public,PART136
VOTE314,CONT006,CTRY004,8,Public,PART017
VOTE315,CONT006,CTRY023,1,Jury,PART245
VOTE316,CONT006,CTRY018,4,Public,PART122
VOTE317,CONT006,CTRY032,10,Jury,PART467
VOTE318,CONT006,CTRY007,4,Jury,PART058
VOTE319,CONT006,CTRY023,10,Public,PART179
VOTE320,CONT006,CTRY034,4,Jury,PART431
VOTE321,CONT006,CTRY009,7,Jury,PART199
VOTE322,CONT006,CTRY027,1,Public,PART270
VOTE323,CONT006,CTRY034,8,Jury,PART287
VOTE324,CONT006,CTRY026,12,Jury,PART275
VOTE325,CONT006,CTRY034,9,Public,PART223
VOTE326,CONT006,CTRY031,3,Public,PART333
VOTE327,CONT006,CTRY025,9,Jury,PART390
VOTE328,CONT006,CTRY019,5,Public,PART188
VOTE329,CONT006,CTRY000,12,Jury,PART259
VOTE330,CONT006,CTRY006,3,Jury,PART342
VOTE331,CONT006,CTRY037,0,Public,PART496
VOTE332,CONT006,CTRY007,9,Jury,PART006
VOTE333,CONT006,CTRY033,6,Jury,PART083
VOTE334,CONT006,CTRY020,9,Jury,PART182
VOTE335,CONT006,CTRY016,12,Public,PART011
VOTE336,CONT006,CTRY035,0,Jury,PART302
VOTE337,CONT006,CTRY034,6,Public,PART146
VOTE338,CONT006,CTRY003,7,Jury,PART305
VOTE339,CONT006,CTRY024,6,Public,PART166
VOTE340,CONT006,CTRY019,4,Jury,PART382
VOTE341,CONT006,CTRY019,11,Jury,PART220
VOTE342,CONT006,CTRY008,12,Jury,PART417
VOTE343,CONT006,CTRY000,10,Jury,PART019
VOTE344,CONT006,CTRY002,9,Public,PART092
VOTE345,CONT006,CTRY024,10,Public,PART159
VOTE346,CONT006,CTRY011,11,Jury,PART228
VOTE347,CONT006,CTRY036,0,Jury,PART469
VOTE348,CONT006,CTRY032,9,Jury,PART372
VOTE349,CONT006,CTRY031,2,Jury,PART254
VOTE350,CONT006,CTRY028,2,Public,PART009
VOTE351,CONT006,CTRY033,8,Jury,PART187
VOTE352,CONT006,CTRY030,8,Public,PART272
VOTE353,CONT006,CTRY015,12,Jury,PART462
VOTE354,CONT006,CTRY020,4,Jury,PART414
VOTE355,CONT006,CTRY033,9,Public,PART060
VOTE356,CONT006,CTRY020,8,Jury,PART255
VOTE357,CONT006,CTRY024,7,Jury,PART385
VOTE358,CONT006,CTRY025,12,Jury,PART459
VOTE359,CONT006,CTRY018,4,Jury,PART000
VOTE360,CONT006,CTRY025,5,Public,PART135
VOTE361,CONT006,CTRY019,12,Jury,PART300
VOTE362,CONT006,CTRY007,5,Public,PART248
VOTE363,CONT006,CTRY038,1,Public,PART384
VOTE364,CONT007,CTRY027,11,Public,PART325
VOTE365,CONT007,CTRY008,3,Public,PART136
VOTE366,CONT007,CTRY013,12,Public,PART315
VOTE367,CONT007,CTRY018,5,Public,PART043
VOTE368,CONT007,CTRY011,8,Jury,PART360
VOTE369,CONT007,CTRY007,11,Jury,PART363
VOTE370,CONT007,CTRY039,7,Public,PART227
VOTE371,CONT007,CTRY009,2,Jury,PART435
VOTE372,CONT007,CTRY027,7,Public,PART261
VOTE373,CONT007,CTRY009,1,Jury,PART513
VOTE374,CONT007,CTRY011,7,Jury,PART081
VOTE375,CONT007,CTRY004,4,Jury,PART450
VOTE376,CONT007,CTRY012,3,Public,PART376
VOTE377,CONT007,CTRY011,0,Jury,PART285
VOTE378,CONT007,CTRY001,10,Jury,PART016
VOTE379,CONT007,CTRY019,6,Public,PART248
VOTE380,CONT007,CTRY004,12,Public,PART409
VOTE381,CONT007,CTRY002,8,Public,PART278
VOTE382,CONT007,CTRY018,8,Public,PART150
VOTE383,CONT007,CTRY010,1,Jury,PART121
VOTE384,CONT007,CTRY039,12,Public,PART360
VOTE385,CONT007,CTRY016,1,Public,PART462
VOTE386,CONT007,CTRY034,12,Jury,PART510
VOTE387,CONT007,CTRY013,6,Public,PART254
VOTE388,CONT007,CTRY007,4,Public,PART378
VOTE389,CONT007,CTRY018,12,Jury,PART283
VOTE390,CONT007,CTRY031,11,Public,PART409
VOTE391,CONT007,CTRY032,12,Public,PART420
VOTE392,CONT007,CTRY036,0,Jury,PART155
VOTE393,CONT007,CTRY007,3,Jury,PART202
VOTE394,CONT007,CTRY005,4,Jury,PART130
VOTE395,CONT007,CTRY030,3,Public,PART236
VOTE396,CONT007,CTRY039,9,Public,PART438
VOTE397,CONT007,CTRY028,8,Public,PART039
VOTE398,CONT007,CTRY009,12,Jury,PART390
VOTE399,CONT007,CTRY026,8,Jury,PART412
VOTE400,CONT007,CTRY037,1,Jury,PART474
VOTE401,CONT007,CTRY039,8,Public,PART417
VOTE402,CONT007,CTRY038,7,Public,PART290
VOTE403,CONT007,CTRY039,3,Jury,PART075
VOTE404,CONT007,CTRY017,8,Public,PART132
VOTE405,CONT007,CTRY036,7,Public,PART381
VOTE406,CONT007,CTRY033,7,Public,PART317
VOTE407,CONT007,CTRY006,10,Jury,PART496
VOTE408,CONT007,CTRY010,11,Public,PART178
VOTE409,CONT007,CTRY032,5,Jury,PART138
VOTE410,CONT007,CTRY012,8,Public,PART051
VOTE411,CONT007,CTRY007,3,Jury,PART262
VOTE412,CONT007,CTRY035,11,Jury,PART190
VOTE413,CONT007,CTRY001,3,Public,PART396
VOTE414,CONT007,CTRY003,3,Jury,PART188
VOTE415,CONT007,CTRY014,6,Jury,PART169
VOTE416,CONT008,CTRY027,4,Public,PART420
VOTE417,CONT008,CTRY027,12,Public,PART131
VOTE418,CONT008,CTRY026,7,Public,PART011
VOTE419,CONT008,CTRY001,7,Public,PART393
VOTE420,CONT008,CTRY010,0,Public,PART426
VOTE421,CONT008,CTRY000,4,Public,PART407
VOTE422,CONT008,CTRY003,1,Public,PART074
VOTE423,CONT008,CTRY000,3,Public,PART464
VOTE424,CONT008,CTRY022,11,Jury,PART417
VOTE425,CONT008,CTRY012,0,Jury,PART181
VOTE426,CONT008,CTRY010,9,Public,PART193
VOTE427,CONT008,CTRY034,0,Jury,PART353
VOTE428,CONT008,CTRY021,9,Public,PART386
VOTE429,CONT008,CTRY012,1,Jury,PART158
VOTE430,CONT008,CTRY034,5,Jury,PART253
VOTE431,CONT008,CTRY025,3,Public,PART220
VOTE432,CONT008,CTRY012,8,Jury,PART328
VOTE433,CONT008,CTRY006,10,Jury,PART488
VOTE434,CONT008,CTRY000,6,Public,PART409
VOTE435,CONT008,CTRY020,0,Jury,PART475
VOTE436,CONT008,CTRY002,2,Public,PART507
VOTE437,CONT008,CTRY020,8,Public,PART461
VOTE438,CONT008,CTRY011,2,Public,PART191
VOTE439,CONT008,CTRY017,6,Public,PART381
VOTE440,CONT008,CTRY015,2,Jury,PART444
VOTE441,CONT008,CTRY033,5,Public,PART012
VOTE442,CONT008,CTRY015,4,Jury,PART308
VOTE443,CONT008,CTRY035,12,Jury,PART124
VOTE444,CONT008,CTRY000,2,Jury,PART252
VOTE445,CONT008,CTRY022,0,Public,PART260
VOTE446,CONT008,CTRY035,4,Public,PART176
VOTE447,CONT008,CTRY010,1,Public,PART050
VOTE448,CONT008,CTRY026,10,Jury,PART257
VOTE449,CONT008,CTRY039,2,Jury,PART252
VOTE450,CONT008,CTRY010,3,Jury,PART097
VOTE451,CONT008,CTRY036,1,Public,PART335
VOTE452,CONT008,CTRY039,9,Public,PART204
VOTE453,CONT008,CTRY003,0,Jury,PART194
VOTE454,CONT008,CTRY003,11,Public,PART086
VOTE455,CONT008,CTRY028,10,Public,PART158
VOTE456,CONT008,CTRY025,5,Public,PART129
VOTE457,CONT008,CTRY034,7,Jury,PART412
VOTE458,CONT008,CTRY027,7,Public,PART010
VOTE459,CONT008,CTRY010,2,Jury,PART030
VOTE460,CONT008,CTRY029,0,Jury,PART004
VOTE461,CONT008,CTRY027,4,Jury,PART068
VOTE462,CONT008,CTRY015,12,Public,PART296
VOTE463,CONT008,CTRY014,4,Public,PART304
VOTE464,CONT008,CTRY011,1,Public,PART050
VOTE465,CONT008,CTRY035,0,Public,PART477
VOTE466,CONT008,CTRY013,0,Jury,PART408
VOTE467,CONT008,CTRY032,11,Public,PART150
VOTE468,CONT009,CTRY039,11,Jury,PART068
VOTE469,CONT009,CTRY024,7,Public,PART312
VOTE470,CONT009,CTRY013,11,Jury,PART232
VOTE471,CONT009,CTRY013,9,Public,PART034
VOTE472,CONT009,CTRY030,11,Public,PART291
VOTE473,CONT009,CTRY026,4,Public,PART072
VOTE474,CONT009,CTRY005,1,Public,PART222
VOTE475,CONT009,CTRY032,9,Jury,PART307
VOTE476,CONT009,CTRY021,3,Jury,PART121
VOTE477,CONT009,CTRY007,2,Public,PART017
VOTE478,CONT009,CTRY034,4,Public,PART209
VOTE479,CONT009,CTRY025,5,Jury,PART507
VOTE480,CONT009,CTRY011,12,Jury,PART329
VOTE481,CONT009,CTRY025,3,Public,PART155
VOTE482,CONT009,CTRY029,8,Jury,PART481
VOTE483,CONT009,CTRY006,10,Jury,PART135
VOTE484,CONT009,CTRY015,1,Public,PART033
VOTE485,CONT009,CTRY027,0,Jury,PART445
VOTE486,CONT009,CTRY035,9,Public,PART335
VOTE487,CONT009,CTRY019,7,Public,PART392
VOTE488,CONT009,CTRY006,11,Public,PART304
VOTE489,CONT009,CTRY000,9,Jury,PART163
VOTE490,CONT009,CTRY004,4,Public,PART138
VOTE491,CONT009,CTRY012,1,Jury,PART303
VOTE492,CONT009,CTRY009,10,Jury,PART011
VOTE493,CONT009,CTRY032,2,Public,PART337
VOTE494,CONT009,CTRY010,2,Public,PART154
VOTE495,CONT009,CTRY012,12,Jury,PART056
VOTE496,CONT009,CTRY014,4,Public,PART187
VOTE497,CONT009,CTRY038,8,Jury,PART239
VOTE498,CONT009,CTRY009,7,Public,PART344
VOTE499,CONT009,CTRY006,0,Public,PART237
VOTE500,CONT009,CTRY034,9,Jury,PART031
VOTE501,CONT009,CTRY032,11,Jury,PART496
VOTE502,CONT009,CTRY014,11,Jury,PART436
VOTE503,CONT009,CTRY022,8,Public,PART438
VOTE504,CONT009,CTRY011,7,Public,PART104
VOTE505,CONT009,CTRY029,2,Jury,PART267
VOTE506,CONT009,CTRY038,11,Public,PART410
VOTE507,CONT009,CTRY004,6,Jury,PART128
VOTE508,CONT009,CTRY033,4,Public,PART034
VOTE509,CONT009,CTRY030,9,Jury,PART378
VOTE510,CONT009,CTRY020,6,Jury,PART411
VOTE511,CONT009,CTRY001,3,Public,PART134
VOTE512,CONT009,CTRY025,2,Jury,PART004
VOTE513,CONT009,CTRY030,2,Public,PART087
VOTE514,CONT009,CTRY031,5,Jury,PART485
VOTE515,CONT009,CTRY024,1,Public,PART373
VOTE516,CONT009,CTRY006,7,Public,PART251
VOTE517,CONT009,CTRY002,4,Public,PART002
VOTE518,CONT009,CTRY027,12,Public,PART459
VOTE519,CONT009,CTRY023,2,Jury,PART418
VOTE520,CONT010,CTRY037,2,Public,PART418
VOTE521,CONT010,CTRY010,4,Jury,PART102
VOTE522,CONT010,CTRY000,0,Public,PART440
VOTE523,CONT010,CTRY034,4,Public,PART341
VOTE524,CONT010,CTRY033,11,Public,PART491
VOTE525,CONT010,CTRY006,10,Jury,PART156
VOTE526,CONT010,CTRY017,10,Public,PART297
VOTE527,CONT010,CTRY015,3,Public,PART006
VOTE528,CONT010,CTRY004,2,Public,PART317
VOTE529,CONT010,CTRY039,6,Public,PART253
VOTE530,CONT010,CTRY008,1,Public,PART314
VOTE531,CONT010,CTRY029,1,Public,PART502
VOTE532,CONT010,CTRY038,8,Jury,PART263
VOTE533,CONT010,CTRY028,9,Public,PART123
VOTE534,CONT010,CTRY026,0,Jury,PART167
VOTE535,CONT010,CTRY007,0,Jury,PART325
VOTE536,CONT010,CTRY029,3,Jury,PART230
VOTE537,CONT010,CTRY032,4,Public,PART074
VOTE538,CONT010,CTRY007,6,Jury,PART198
VOTE539,CONT010,CTRY022,8,Jury,PART493
VOTE540,CONT010,CTRY037,6,Public,PART323
VOTE541,CONT010,CTRY026,1,Jury,PART414
VOTE542,CONT010,CTRY037,11,Public,PART099
VOTE543,CONT010,CTRY034,6,Jury,PART013
VOTE544,CONT010,CTRY015,3,Public,PART053
VOTE545,CONT010,CTRY034,0,Jury,PART508
VOTE546,CONT010,CTRY019,7,Jury,PART501
VOTE547,CONT010,CTRY022,0,Jury,PART507
VOTE548,CONT010,CTRY031,2,Jury,PART201
VOTE549,CONT010,CTRY011,8,Jury,PART173
VOTE550,CONT010,CTRY001,6,Jury,PART075
VOTE551,CONT010,CTRY009,7,Public,PART508
VOTE552,CONT010,CTRY025,11,Jury,PART358
VOTE553,CONT010,CTRY024,10,Jury,PART063
VOTE554,CONT010,CTRY023,2,Jury,PART231
VOTE555,CONT010,CTRY025,0,Public,PART429
VOTE556,CONT010,CTRY034,2,Public,PART088
VOTE557,CONT010,CTRY024,12,Public,PART183
VOTE558,CONT010,CTRY010,0,Public,PART046
VOTE559,CONT010,CTRY039,0,Jury,PART150
VOTE560,CONT010,CTRY022,9,Public,PART341
VOTE561,CONT010,CTRY036,5,Jury,PART072
VOTE562,CONT010,CTRY006,12,Public,PART203
VOTE563,CONT010,CTRY008,12,Jury,PART495
VOTE564,CONT010,CTRY020,3,Jury,PART198
VOTE565,CONT010,CTRY028,6,Public,PART215
VOTE566,CONT010,CTRY013,12,Jury,PART470
VOTE567,CONT010,CTRY019,6,Public,PART041
VOTE568,CONT010,CTRY039,11,Jury,PART194
VOTE569,CONT010,CTRY032,2,Public,PART305
VOTE570,CONT010,CTRY037,1,Public,PART188
VOTE571,CONT010,CTRY036,9,Public,PART300
VOTE572,CONT011,CTRY010,5,Jury,PART317
VOTE573,CONT011,CTRY021,3,Jury,PART281
VOTE574,CONT011,CTRY020,6,Public,PART459
VOTE575,CONT011,CTRY014,8,Jury,PART293
VOTE576,CONT011,CTRY038,9,Jury,PART000
VOTE577,CONT011,CTRY017,0,Public,PART277
VOTE578,CONT011,CTRY027,0,Jury,PART505
VOTE579,CONT011,CTRY000,5,Jury,PART441
VOTE580,CONT011,CTRY028,7,Jury,PART026
VOTE581,CONT011,CTRY019,7,Jury,PART454
VOTE582,CONT011,CTRY008,9,Jury,PART425
VOTE583,CONT011,CTRY037,5,Jury,PART131
VOTE584,CONT011,CTRY038,0,Public,PART230
VOTE585,CONT011,CTRY001,0,Jury,PART322
VOTE586,CONT011,CTRY028,1,Jury,PART067
VOTE587,CONT011,CTRY017,7,Public,PART005
VOTE588,CONT011,CTRY030,3,Jury,PART481
VOTE589,CONT011,CTRY009,2,Public,PART423
VOTE590,CONT011,CTRY039,5,Public,PART329
VOTE591,CONT011,CTRY026,12,Public,PART078
VOTE592,CONT011,CTRY027,9,Jury,PART073
VOTE593,CONT011,CTRY037,0,Jury,PART482
VOTE594,CONT011,CTRY019,0,Public,PART034
VOTE595,CONT011,CTRY004,12,Jury,PART365
VOTE596,CONT011,CTRY028,7,Jury,PART091
VOTE597,CONT011,CTRY036,3,Public,PART494
VOTE598,CONT011,CTRY039,9,Public,PART244
VOTE599,CONT011,CTRY025,7,Jury,PART170
VOTE600,CONT011,CTRY031,1,Jury,PART355
VOTE601,CONT011,CTRY001,3,Jury,PART080
VOTE602,CONT011,CTRY035,12,Public,PART274
VOTE603,CONT011,CTRY000,12,Jury,PART360
VOTE604,CONT011,CTRY035,0,Public,PART392
VOTE605,CONT011,CTRY038,10,Jury,PART197
VOTE606,CONT011,CTRY029,7,Public,PART261
VOTE607,CONT011,CTRY019,2,Jury,PART037
VOTE608,CONT011,CTRY031,2,Jury,PART075
VOTE609,CONT011,CTRY016,1,Public,PART362
VOTE610,CONT011,CTRY035,1,Jury,PART001
VOTE611,CONT011,CTRY022,3,Jury,PART352
VOTE612,CONT011,CTRY039,8,Jury,PART354
VOTE613,CONT011,CTRY036,6,Public,PART080
VOTE614,CONT011,CTRY018,9,Public,PART097
VOTE615,CONT011,CTRY025,0,Jury,PART328
VOTE616,CONT011,CTRY017,11,Public,PART462
VOTE617,CONT011,CTRY004,8,Public,PART266
VOTE618,CONT011,CTRY032,7,Public,PART277
VOTE619,CONT011,CTRY012,1,Jury,PART401
VOTE620,CONT011,CTRY038,10,Jury,PART374
VOTE621,CONT011,CTRY032,6,Public,PART254
VOTE622,CONT011,CTRY019,7,Jury,PART119
VOTE623,CONT011,CTRY007,2,Public,PART407
VOTE624,CONT012,CTRY026,2,Public,PART048
VOTE625,CONT012,CTRY029,1,Public,PART503
VOTE626,CONT012,CTRY015,0,Jury,PART484
VOTE627,CONT012,CTRY018,12,Jury,PART002
VOTE628,CONT012,CTRY029,4,Jury,PART051
VOTE629,CONT012,CTRY033,5,Jury,PART291
VOTE630,CONT012,CTRY021,11,Public,PART011
VOTE631,CONT012,CTRY013,12,Public,PART251
VOTE632,CONT012,CTRY025,4,Public,PART012
VOTE633,CONT012,CTRY037,11,Jury,PART318
VOTE634,CONT012,CTRY034,6,Jury,PART326
VOTE635,CONT012,CTRY034,12,Public,PART319
VOTE636,CONT012,CTRY006,1,Public,PART120
VOTE637,CONT012,CTRY024,7,Jury,PART282
VOTE638,CONT012,CTRY018,1,Jury,PART018
VOTE639,CONT012,CTRY037,9,Jury,PART254
VOTE640,CONT012,CTRY034,2,Jury,PART153
VOTE641,CONT012,CTRY001,8,Public,PART182
VOTE642,CONT012,CTRY016,12,Jury,PART083
VOTE643,CONT012,CTRY018,1,Public,PART024
VOTE644,CONT012,CTRY020,7,Jury,PART214
VOTE645,CONT012,CTRY000,0,Jury,PART391
VOTE646,CONT012,CTRY038,7,Jury,PART403
VOTE647,CONT012,CTRY010,4,Jury,PART164
VOTE648,CONT012,CTRY032,4,Public,PART040
VOTE649,CONT012,CTRY025,3,Jury,PART244
VOTE650,CONT012,CTRY000,6,Public,PART380
VOTE651,CONT012,CTRY020,0,Jury,PART408
VOTE652,CONT012,CTRY010,2,Public,PART285
VOTE653,CONT012,CTRY007,3,Public,PART021
VOTE654,CONT012,CTRY002,12,Jury,PART455
VOTE655,CONT012,CTRY010,4,Jury,PART012
VOTE656,CONT012,CTRY025,4,Public,PART155
VOTE657,CONT012,CTRY008,12,Public,PART401
VOTE658,CONT012,CTRY029,2,Public,PART329
VOTE659,CONT012,CTRY002,2,Public,PART161
VOTE660,CONT012,CTRY025,5,Public,PART346
VOTE661,CONT012,CTRY025,2,Jury,PART092
VOTE662,CONT012,CTRY018,1,Public,PART391
VOTE663,CONT012,CTRY035,10,Jury,PART289
VOTE664,CONT012,CTRY038,6,Public,PART447
VOTE665,CONT012,CTRY003,0,Public,PART211
VOTE666,CONT012,CTRY001,2,Jury,PART208
VOTE667,CONT012,CTRY034,5,Public,PART242
VOTE668,CONT012,CTRY011,2,Public,PART350
VOTE669,CONT012,CTRY017,3,Public,PART427
VOTE670,CONT012,CTRY034,9,Jury,PART135
VOTE671,CONT012,CTRY016,4,Public,PART204
VOTE672,CONT012,CTRY022,12,Jury,PART056
VOTE673,CONT012,CTRY033,1,Public,PART194
VOTE674,CONT012,CTRY006,2,Public,PART479
VOTE675,CONT012,CTRY014,11,Jury,PART307
VOTE676,CONT013,CTRY000,10,Public,PART269
VOTE677,CONT013,CTRY035,11,Public,PART021
VOTE678,CONT013,CTRY034,0,Public,PART515
VOTE679,CONT013,CTRY036,9,Public,PART519
VOTE680,CONT013,CTRY035,4,Jury,PART054
VOTE681,CONT013,CTRY012,4,Jury,PART442
VOTE682,CONT013,CTRY002,11,Jury,PART499
VOTE683,CONT013,CTRY021,7,Jury,PART043
VOTE684,CONT013,CTRY030,12,Jury,PART517
VOTE685,CONT013,CTRY019,7,Jury,PART494
VOTE686,CONT013,CTRY034,2,Jury,PART043
VOTE687,CONT013,CTRY035,6,Jury,PART172
VOTE688,CONT013,CTRY015,9,Jury,PART042
VOTE689,CONT013,CTRY039,0,Jury,PART120
VOTE690,CONT013,CTRY038,3,Public,PART094
VOTE691,CONT013,CTRY030,10,Public,PART288
VOTE692,CONT013,CTRY016,2,Jury,PART227
VOTE693,CONT013,CTRY006,6,Jury,PART080
VOTE694,CONT013,CTRY035,10,Public,PART094
VOTE695,CONT013,CTRY022,10,Public,PART204
VOTE696,CONT013,CTRY026,5,Jury,PART148
VOTE697,CONT013,CTRY015,5,Jury,PART399
VOTE698,CONT013,CTRY000,1,Jury,PART387
VOTE699,CONT013,CTRY009,3,Jury,PART102
VOTE700,CONT013,CTRY028,2,Public,PART098
VOTE701,CONT013,CTRY023,7,Jury,PART343
VOTE702,CONT013,CTRY000,6,Jury,PART282
VOTE703,CONT013,CTRY003,1,Jury,PART346
VOTE704,CONT013,CTRY000,10,Jury,PART048
VOTE705,CONT013,CTRY013,7,Jury,PART351
VOTE706,CONT013,CTRY002,9,Jury,PART166
VOTE707,CONT013,CTRY022,4,Jury,PART408
VOTE708,CONT013,CTRY024,11,Public,PART246
VOTE709,CONT013,CTRY025,8,Jury,PART190
VOTE710,CONT013,CTRY006,0,Jury,PART122
VOTE711,CONT013,CTRY037,10,Jury,PART114
VOTE712,CONT013,CTRY038,2,Public,PART412
VOTE713,CONT013,CTRY022,4,Public,PART033
VOTE714,CONT013,CTRY013,5,Public,PART302
VOTE715,CONT013,CTRY001,11,Jury,PART465
VOTE716,CONT013,CTRY022,5,Jury,PART162
VOTE717,CONT013,CTRY024,9,Jury,PART150
VOTE718,CONT013,CTRY018,8,Public,PART018
VOTE719,CONT013,CTRY006,5,Public,PART321
VOTE720,CONT013,CTRY035,1,Public,PART231
VOTE721,CONT013,CTRY016,6,Jury,PART481
VOTE722,CONT013,CTRY036,0,Jury,PART007
VOTE723,CONT013,CTRY012,2,Public,PART487
VOTE724,CONT013,CTRY028,1,Public,PART488
VOTE725,CONT013,CTRY034,1,Jury,PART279
VOTE726,CONT013,CTRY018,9,Jury,PART372
VOTE727,CONT013,CTRY027,10,Jury,PART285
VOTE728,CONT014,CTRY028,1,Jury,PART303
VOTE729,CONT014,CTRY036,5,Jury,PART491
VOTE730,CONT014,CTRY003,8,Public,PART058
VOTE731,CONT014,CTRY032,9,Jury,PART140
VOTE732,CONT014,CTRY030,1,Public,PART201
VOTE733,CONT014,CTRY001,2,Jury,PART081
VOTE734,CONT014,CTRY007,12,Public,PART454
VOTE735,CONT014,CTRY033,6,Jury,PART065
VOTE736,CONT014,CTRY030,8,Jury,PART296
VOTE737,CONT014,CTRY010,6,Jury,PART399
VOTE738,CONT014,CTRY026,12,Public,PART075
VOTE739,CONT014,CTRY002,11,Jury,PART347
VOTE740,CONT014,CTRY001,4,Jury,PART249
VOTE741,CONT014,CTRY007,11,Jury,PART278
VOTE742,CONT014,CTRY013,9,Public,PART431
VOTE743,CONT014,CTRY027,12,Public,PART497
VOTE744,CONT014,CTRY023,8,Jury,PART396
VOTE745,CONT014,CTRY007,6,Jury,PART417
VOTE746,CONT014,CTRY003,4,Jury,PART135
VOTE747,CONT014,CTRY014,7,Public,PART417
VOTE748,CONT014,CTRY017,8,Public,PART184
VOTE749,CONT014,CTRY018,6,Public,PART254
VOTE750,CONT014,CTRY019,12,Public,PART334
VOTE751,CONT014,CTRY016,8,Jury,PART384
VOTE752,CONT014,CTRY008,10,Jury,PART002
VOTE753,CONT014,CTRY038,6,Jury,PART372
VOTE754,CONT014,CTRY038,2,Jury,PART237
VOTE755,CONT014,CTRY002,3,Jury,PART013
VOTE756,CONT014,CTRY025,7,Public,PART141
VOTE757,CONT014,CTRY030,6,Public,PART393
VOTE758,CONT014,CTRY017,0,Jury,PART075
VOTE759,CONT014,CTRY021,0,Jury,PART308
VOTE760,CONT014,CTRY027,8,Public,PART016
VOTE761,CONT014,CTRY035,8,Public,PART132
VOTE762,CONT014,CTRY025,4,Public,PART382
VOTE763,CONT014,CTRY023,4,Public,PART497
VOTE764,CONT014,CTRY010,7,Public,PART459
VOTE765,CONT014,CTRY019,4,Jury,PART006
VOTE766,CONT014,CTRY002,0,Jury,PART221
VOTE767,CONT014,CTRY024,8,Jury,PART397
VOTE768,CONT014,CTRY009,11,Public,PART410
VOTE769,CONT014,CTRY008,3,Jury,PART049
VOTE770,CONT014,CTRY007,7,Public,PART338
VOTE771,CONT014,CTRY020,10,Jury,PART053
VOTE772,CONT014,CTRY022,8,Jury,PART402
VOTE773,CONT014,CTRY039,1,Public,PART242
VOTE774,CONT014,CTRY038,9,Public,PART042
VOTE775,CONT014,CTRY027,1,Jury,PART405
VOTE776,CONT014,CTRY030,9,Jury,PART405
VOTE777,CONT014,CTRY008,0,Jury,PART244
VOTE778,CONT014,CTRY020,7,Public,PART444
VOTE779,CONT014,CTRY027,4,Public,PART008
VOTE780,CONT015,CTRY011,9,Jury,PART379
VOTE781,CONT015,CTRY011,9,Jury,PART045
VOTE782,CONT015,CTRY011,2,Jury,PART132
VOTE783,CONT015,CTRY007,1,Public,PART089
VOTE784,CONT015,CTRY038,6,Public,PART439
VOTE785,CONT015,CTRY000,4,Jury,PART272
VOTE786,CONT015,CTRY021,0,Public,PART008
VOTE787,CONT015,CTRY015,0,Jury,PART123
VOTE788,CONT015,CTRY013,6,Public,PART011
VOTE789,CONT015,CTRY018,9,Public,PART221
VOTE790,CONT015,CTRY028,11,Public,PART044
VOTE791,CONT015,CTRY001,11,Public,PART121
VOTE792,CONT015,CTRY016,12,Jury,PART168
VOTE793,CONT015,CTRY031,8,Public,PART060
VOTE794,CONT015,CTRY019,12,Public,PART242
VOTE795,CONT015,CTRY030,3,Public,PART029
VOTE796,CONT015,CTRY024,6,Jury,PART146
VOTE797,CONT015,CTRY019,9,Jury,PART373
VOTE798,CONT015,CTRY034,11,Jury,PART138
VOTE799,CONT015,CTRY018,10,Public,PART023
VOTE800,CONT015,CTRY020,2,Jury,PART268
VOTE801,CONT015,CTRY023,3,Public,PART347
VOTE802,CONT015,CTRY038,12,Jury,PART161
VOTE803,CONT015,CTRY014,5,Jury,PART204
VOTE804,CONT015,CTRY038,3,Jury,PART471
VOTE805,CONT015,CTRY027,4,Jury,PART379
VOTE806,CONT015,CTRY020,8,Public,PART478
VOTE807,CONT015,CTRY010,4,Public,PART375
VOTE808,CONT015,CTRY006,8,Jury,PART236
VOTE809,CONT015,CTRY014,6,Public,PART114
VOTE810,CONT015,CTRY034,4,Jury,PART191
VOTE811,CONT015,CTRY014,7,Jury,PART401
VOTE812,CONT015,CTRY020,0,Jury,PART042
VOTE813,CONT015,CTRY000,8,Jury,PART050
VOTE814,CONT015,CTRY031,2,Jury,PART440
VOTE815,CONT015,CTRY005,1,Public,PART044
VOTE816,CONT015,CTRY008,3,Jury,PART136
VOTE817,CONT015,CTRY018,9,Public,PART474
VOTE818,CONT015,CTRY021,8,Public,PART357
VOTE819,CONT015,CTRY022,6,Jury,PART504
VOTE820,CONT015,CTRY013,5,Public,PART302
VOTE821,CONT015,CTRY006,4,Jury,PART329
VOTE822,CONT015,CTRY010,6,Public,PART263
VOTE823,CONT015,CTRY038,2,Jury,PART279
VOTE824,CONT015,CTRY003,2,Jury,PART140
VOTE825,CONT015,CTRY000,11,Jury,PART044
VOTE826,CONT015,CTRY015,0,Jury,PART326
VOTE827,CONT015,CTRY025,2,Public,PART292
VOTE828,CONT015,CTRY008,1,Jury,PART288
VOTE829,CONT015,CTRY011,2,Jury,PART292
VOTE830,CONT015,CTRY005,3,Public,PART337
VOTE831,CONT015,CTRY004,11,Public,PART230
VOTE832,CONT016,CTRY030,11,Public,PART092
VOTE833,CONT016,CTRY015,7,Jury,PART127
VOTE834,CONT016,CTRY009,10,Public,PART016
VOTE835,CONT016,CTRY029,11,Public,PART123
VOTE836,CONT016,CTRY031,2,Jury,PART398
VOTE837,CONT016,CTRY010,0,Public,PART356
VOTE838,CONT016,CTRY027,5,Public,PART358
VOTE839,CONT016,CTRY017,5,Jury,PART216
VOTE840,CONT016,CTRY034,0,Jury,PART290
VOTE841,CONT016,CTRY034,3,Jury,PART289
VOTE842,CONT016,CTRY015,12,Jury,PART338
VOTE843,CONT016,CTRY039,3,Public,PART407
VOTE844,CONT016,CTRY022,0,Public,PART415
VOTE845,CONT016,CTRY035,0,Jury,PART160
VOTE846,CONT016,CTRY020,0,Jury,PART171
VOTE847,CONT016,CTRY020,0,Jury,PART379
VOTE848,CONT016,CTRY035,8,Public,PART152
VOTE849,CONT016,CTRY020,8,Public,PART126
VOTE850,CONT016,CTRY010,6,Public,PART505
VOTE851,CONT016,CTRY011,3,Jury,PART506
VOTE852,CONT016,CTRY037,12,Public,PART053
VOTE853,CONT016,CTRY019,4,Public,PART322
VOTE854,CONT016,CTRY010,11,Public,PART417
VOTE855,CONT016,CTRY022,11,Jury,PART389
VOTE856,CONT016,CTRY008,6,Jury,PART012
VOTE857,CONT016,CTRY020,7,Jury,PART240
VOTE858,CONT016,CTRY006,3,Jury,PART418
VOTE859,CONT016,CTRY025,9,Public,PART105
VOTE860,CONT016,CTRY007,1,Public,PART430
VOTE861,CONT016,CTRY032,9,Jury,PART142
VOTE862,CONT016,CTRY020,0,Public,PART317
VOTE863,CONT016,CTRY031,0,Jury,PART433
VOTE864,CONT016,CTRY023,8,Jury,PART031
VOTE865,CONT016,CTRY039,8,Public,PART458
VOTE866,CONT016,CTRY005,9,Public,PART010
VOTE867,CONT016,CTRY028,12,Public,PART303
VOTE868,CONT016,CTRY004,12,Public,PART459
VOTE869,CONT016,CTRY003,9,Public,PART157
VOTE870,CONT016,CTRY021,1,Jury,PART431
VOTE871,CONT016,CTRY003,1,Public,PART415
VOTE872,CONT016,CTRY033,4,Public,PART016
VOTE873,CONT016,CTRY003,1,Jury,PART134
VOTE874,CONT016,CTRY023,6,Jury,PART201
VOTE875,CONT016,CTRY019,12,Public,PART361
VOTE876,CONT016,CTRY038,0,Public,PART064
VOTE877,CONT016,CTRY005,0,Public,PART374
VOTE878,CONT016,CTRY016,9,Jury,PART516
VOTE879,CONT016,CTRY028,1,Public,PART373
VOTE880,CONT016,CTRY029,6,Jury,PART027
VOTE881,CONT016,CTRY019,9,Jury,PART072
VOTE882,CONT016,CTRY017,12,Public,PART383
VOTE883,CONT016,CTRY030,11,Public,PART203
VOTE884,CONT017,CTRY014,10,Public,PART004
VOTE885,CONT017,CTRY023,2,Jury,PART069
VOTE886,CONT017,CTRY013,3,Jury,PART451
VOTE887,CONT017,CTRY022,2,Public,PART235
VOTE888,CONT017,CTRY009,10,Public,PART092
VOTE889,CONT017,CTRY019,7,Jury,PART433
VOTE890,CONT017,CTRY028,3,Public,PART508
VOTE891,CONT017,CTRY033,7,Public,PART096
VOTE892,CONT017,CTRY018,11,Jury,PART323
VOTE893,CONT017,CTRY007,9,Public,PART433
VOTE894,CONT017,CTRY029,10,Jury,PART055
VOTE895,CONT017,CTRY007,8,Jury,PART355
VOTE896,CONT017,CTRY022,12,Jury,PART450
VOTE897,CONT017,CTRY037,9,Jury,PART063
VOTE898,CONT017,CTRY019,11,Public,PART382
VOTE899,CONT017,CTRY036,7,Jury,PART132
VOTE900,CONT017,CTRY029,11,Jury,PART183
VOTE901,CONT017,CTRY012,11,Jury,PART261
VOTE902,CONT017,CTRY016,9,Public,PART309
VOTE903,CONT017,CTRY018,0,Public,PART076
VOTE904,CONT017,CTRY038,6,Jury,PART214
VOTE905,CONT017,CTRY013,0,Public,PART251
VOTE906,CONT017,CTRY002,8,Public,PART334
VOTE907,CONT017,CTRY021,12,Jury,PART314
VOTE908,CONT017,CTRY014,11,Public,PART452
VOTE909,CONT017,CTRY031,5,Jury,PART271
VOTE910,CONT017,CTRY032,4,Public,PART057
VOTE911,CONT017,CTRY034,8,Jury,PART384
VOTE912,CONT017,CTRY001,1,Jury,PART270
VOTE913,CONT017,CTRY014,8,Jury,PART374
VOTE914,CONT017,CTRY012,6,Jury,PART218
VOTE915,CONT017,CTRY007,7,Jury,PART099
VOTE916,CONT017,CTRY033,4,Jury,PART327
VOTE917,CONT017,CTRY013,6,Public,PART478
VOTE918,CONT017,CTRY026,3,Jury,PART055
VOTE919,CONT017,CTRY005,0,Public,PART326
VOTE920,CONT017,CTRY004,0,Jury,PART471
VOTE921,CONT017,CTRY012,0,Jury,PART126
VOTE922,CONT017,CTRY015,9,Jury,PART081
VOTE923,CONT017,CTRY033,9,Public,PART407
VOTE924,CONT017,CTRY038,8,Public,PART445
VOTE925,CONT017,CTRY011,4,Jury,PART307
VOTE926,CONT017,CTRY027,10,Public,PART414
VOTE927,CONT017,CTRY002,3,Jury,PART219
VOTE928,CONT017,CTRY032,3,Jury,PART439
VOTE929,CONT017,CTRY030,6,Public,PART338
VOTE930,CONT017,CTRY032,1,Public,PART397
VOTE931,CONT017,CTRY034,1,Jury,PART126
VOTE932,CONT017,CTRY011,11,Public,PART240
VOTE933,CONT017,CTRY035,3,Public,PART199
VOTE934,CONT017,CTRY004,7,Jury,PART330
VOTE935,CONT017,CTRY022,1,Public,PART506
VOTE936,CONT018,CTRY011,1,Public,PART270
VOTE937,CONT018,CTRY030,8,Jury,PART471
VOTE938,CONT018,CTRY034,1,Jury,PART405
VOTE939,CONT018,CTRY030,5,Jury,PART007
VOTE940,CONT018,CTRY012,1,Public,PART383
VOTE941,CONT018,CTRY000,10,Public,PART479
VOTE942,CONT018,CTRY018,9,Jury,PART050
VOTE943,CONT018,CTRY035,8,Jury,PART190
VOTE944,CONT018,CTRY027,10,Jury,PART248
VOTE945,CONT018,CTRY011,5,Jury,PART489
VOTE946,CONT018,CTRY020,11,Jury,PART485
VOTE947,CONT018,CTRY004,4,Jury,PART090
VOTE948,CONT018,CTRY020,5,Jury,PART271
VOTE949,CONT018,CTRY011,8,Jury,PART250
VOTE950,CONT018,CTRY007,2,Public,PART006
VOTE951,CONT018,CTRY028,12,Jury,PART102
VOTE952,CONT018,CTRY019,9,Jury,PART190
VOTE953,CONT018,CTRY026,12,Jury,PART167
VOTE954,CONT018,CTRY020,4,Jury,PART026
VOTE955,CONT018,CTRY013,2,Public,PART368
VOTE956,CONT018,CTRY020,0,Public,PART442
VOTE957,CONT018,CTRY014,3,Jury,PART500
VOTE958,CONT018,CTRY030,10,Jury,PART247
VOTE959,CONT018,CTRY032,4,Jury,PART222
VOTE960,CONT018,CTRY003,12,Public,PART194
VOTE961,CONT018,CTRY006,10,Jury,PART147
VOTE962,CONT018,CTRY032,0,Jury,PART490
VOTE963,CONT018,CTRY036,1,Public,PART217
VOTE964,CONT018,CTRY006,5,Jury,PART136
VOTE965,CONT018,CTRY022,3,Jury,PART215
VOTE966,CONT018,CTRY027,5,Public,PART414
VOTE967,CONT018,CTRY030,12,Public,PART296
VOTE968,CONT018,CTRY012,3,Jury,PART265
VOTE969,CONT018,CTRY018,4,Public,PART040
VOTE970,CONT018,CTRY017,6,Public,PART190
VOTE971,CONT018,CTRY024,6,Public,PART136
VOTE972,CONT018,CTRY031,0,Public,PART329
VOTE973,CONT018,CTRY005,7,Jury,PART245
VOTE974,CONT018,CTRY030,5,Public,PART167
VOTE975,CONT018,CTRY028,6,Jury,PART404
VOTE976,CONT018,CTRY024,9,Public,PART471
VOTE977,CONT018,CTRY010,9,Public,PART385
VOTE978,CONT018,CTRY037,9,Jury,PART191
VOTE979,CONT018,CTRY025,4,Public,PART264
VOTE980,CONT018,CTRY037,4,Public,PART169
VOTE981,CONT018,CTRY004,9,Jury,PART449
VOTE982,CONT018,CTRY019,11,Public,PART484
VOTE983,CONT018,CTRY014,4,Jury,PART242
VOTE984,CONT018,CTRY013,6,Jury,PART163
VOTE985,CONT018,CTRY025,6,Public,PART229
VOTE986,CONT018,CTRY008,7,Jury,PART346
VOTE987,CONT018,CTRY037,2,Public,PART144
VOTE988,CONT019,CTRY038,11,Jury,PART047
VOTE989,CONT019,CTRY036,0,Jury,PART139
VOTE990,CONT019,CTRY016,1,Public,PART244
VOTE991,CONT019,CTRY024,0,Public,PART186
VOTE992,CONT019,CTRY027,8,Jury,PART022
VOTE993,CONT019,CTRY016,2,Public,PART096
VOTE994,CONT019,CTRY021,4,Public,PART257
VOTE995,CONT019,CTRY003,10,Jury,PART000
VOTE996,CONT019,CTRY039,11,Jury,PART066
VOTE997,CONT019,CTRY037,0,Jury,PART433
VOTE998,CONT019,CTRY036,12,Jury,PART193
VOTE999,CONT019,CTRY037,2,Jury,PART233
VOTE1000,CONT019,CTRY001,11,Public,PART179
VOTE1001,CONT019,CTRY002,12,Jury,PART285
VOTE1002,CONT019,CTRY007,8,Jury,PART300
VOTE1003,CONT019,CTRY003,1,Public,PART141
VOTE1004,CONT019,CTRY034,11,Public,PART217
VOTE1005,CONT019,CTRY038,8,Jury,PART304
VOTE1006,CONT019,CTRY035,2,Public,PART506
VOTE1007,CONT019,CTRY021,2,Public,PART072
VOTE1008,CONT019,CTRY030,10,Jury,PART152
VOTE1009,CONT019,CTRY014,3,Jury,PART009
VOTE1010,CONT019,CTRY036,8,Jury,PART494
VOTE1011,CONT019,CTRY001,7,Public,PART339
VOTE1012,CONT019,CTRY034,9,Public,PART328
VOTE1013,CONT019,CTRY014,12,Public,PART086
VOTE1014,CONT019,CTRY021,4,Public,PART336
VOTE1015,CONT019,CTRY010,0,Jury,PART275
VOTE1016,CONT019,CTRY006,2,Jury,PART350
VOTE1017,CONT019,CTRY005,6,Public,PART129
VOTE1018,CONT019,CTRY034,2,Jury,PART398
VOTE1019,CONT019,CTRY038,0,Public,PART058
VOTE1020,CONT019,CTRY026,8,Public,PART453
VOTE1021,CONT019,CTRY033,5,Public,PART331
VOTE1022,CONT019,CTRY018,8,Public,PART446
VOTE1023,CONT019,CTRY018,1,Public,PART071
VOTE1024,CONT019,CTRY010,7,Public,PART206
VOTE1025,CONT019,CTRY018,4,Jury,PART226
VOTE1026,CONT019,CTRY024,11,Public,PART127
VOTE1027,CONT019,CTRY017,5,Jury,PART030
VOTE1028,CONT019,CTRY032,2,Public,PART003
VOTE1029,CONT019,CTRY033,7,Public,PART402
VOTE1030,CONT019,CTRY019,3,Jury,PART291
VOTE1031,CONT019,CTRY039,12,Jury,PART251
VOTE1032,CONT019,CTRY039,5,Public,PART218
VOTE1033,CONT019,CTRY029,10,Public,PART158
VOTE1034,CONT019,CTRY037,3,Jury,PART188
VOTE1035,CONT019,CTRY023,6,Public,PART442
VOTE1036,CONT019,CTRY028,4,Public,PART154
VOTE1037,CONT019,CTRY010,2,Public,PART131
VOTE1038,CONT019,CTRY035,3,Jury,PART504
VOTE1039,CONT019,CTRY023,5,Public,PART460
